id,owner_gender,owner_fullname,owner_email,owner_department,owner_car_vin
1,Female,Rea Matessian,rmatessian0@fc2.com,Accounting,JN1CV6AP9AM795625
2,Female,Storm Hannond,shannond1@sphinn.com,Product Management,1G6AB1R30F0338043
3,Female,Randie Knudsen,rknudsen2@go.com,Marketing,1GTN1TEX8DZ478985
4,Male,Addie Knobell,aknobell3@usda.gov,Marketing,JN1AY1AR6DM662585
5,Male,Chase Enden,cenden4@va.gov,Marketing,JN1AZ4EH6CM288378
6,Female,Arlee Hitschke,ahitschke5@patch.com,Sales,WBA3N3C55EK539715
7,Male,Oberon Bertrand,obertrand6@salon.com,Engineering,SCFEBBCF4CG286637
8,Male,Major Jouhan,mjouhan7@arizona.edu,Marketing,2HNYD2H33DH410224
9,Male,Algernon Deverille,adeverille8@amazon.com,Training,JN1BY1APXFM956738
10,Female,Jaime Tofful,jtofful9@acquirethisname.com,Training,WAUWFAFH5AN636913
11,Female,Conny Dooman,cdoomana@1und1.de,Accounting,1G6DK8EDXB0485470
12,Male,Ingar Braidford,ibraidfordb@discovery.com,Marketing,WBANE53507C399672
13,Female,Loutitia Kibel,lkibelc@techcrunch.com,Services,WA1YD54B94N575491
14,Male,Christy Middlemist,cmiddlemistd@cdbaby.com,Human Resources,JN1AZ4EH7FM993355
15,Male,Shermy Cancellor,scancellore@shareasale.com,Services,WP0CA2A84DS406982
16,Female,Estrella Fleay,efleayf@barnesandnoble.com,Product Management,3C3CFFBR4DT097047
17,Female,Kalila Vise,kviseg@wikispaces.com,Research and Development,5N1AR1NBXAC972386
18,Female,Corrine Van Hault,cvanh@japanpost.jp,Training,1N4AL2AP2CC669656
19,Female,Harlene Jachimak,hjachimaki@accuweather.com,Accounting,JM3TB2CA4E0258947
20,Female,Berget Pigford,bpigfordj@sphinn.com,Human Resources,1FTEW1E83AF069592
21,Female,Jerrie Lipson,jlipsonk@friendfeed.com,Business Development,KNADM5A35F6759547
22,Male,Jerri Offord,joffordl@craigslist.org,Training,WAULC58EX5A672812
23,Female,Shayna Ritchard,sritchardm@china.com.cn,Research and Development,1FTEX1C80AK902479
24,Female,Margaretha Brownell,mbrownelln@joomla.org,Services,1G4PP5SK7C4038257
25,Female,Georgianne Leverich,glevericho@tamu.edu,Research and Development,5GADT13S142944784
26,Male,Jdavie Ledgerton,jledgertonp@miitbeian.gov.cn,Human Resources,5GADX33L45D857055
27,Female,Heida Digg,hdiggq@wufoo.com,Marketing,WDDGF4HBXDG334226
28,Male,Geno MacGilfoyle,gmacgilfoyler@1und1.de,Engineering,WBA3N7C58EF753372
29,Male,Boonie Stubley,bstubleys@tinypic.com,Research and Development,JH4DC43521S882588
30,Male,Winslow Sebrens,wsebrenst@vimeo.com,Research and Development,SCFBB04B57G646782
31,Male,Kristopher Danilevich,kdanilevichu@google.cn,Business Development,1FTMF1E84AK634242
32,Male,Jefferson Gatcliff,jgatcliffv@tamu.edu,Legal,ML32A3HJ0FH193669
33,Female,Ricky Novic,rnovicw@wikia.com,Marketing,1GKS1GEJ8CR983594
34,Female,Gusty Spearing,gspearingx@scribd.com,Marketing,3C4PDCGB4ET494045
35,Male,Fonsie Timpany,ftimpanyy@4shared.com,Training,JTHBE1BL9D5522723
36,Female,Ainsley Dotterill,adotterillz@pinterest.com,Support,3N1AB6AP0BL646368
37,Female,Tatiania Hucknall,thucknall10@xrea.com,Accounting,1N6BF0KX5FN422680
38,Male,Tye Palley,tpalley11@163.com,Services,WBABN53452P850364
39,Male,Brennen Thynne,bthynne12@histats.com,Sales,WAUGN94F09N575974
40,Male,Saw Stanfield,sstanfield13@phoca.cz,Support,WAUBF78K79N122373
41,Female,Sharline Shorey,sshorey14@amazon.de,Engineering,1G6KF54931U306023
42,Male,Kennith Farnham,kfarnham15@hatena.ne.jp,Support,5FPYK1F45CB510452
43,Female,Beth Breeze,bbreeze16@nasa.gov,Legal,JH4KB16607C917760
44,Male,Duffy Tupman,dtupman17@smh.com.au,Sales,JHMZE2H57DS696336
45,Male,Farrell Matthesius,fmatthesius18@bigcartel.com,Engineering,3D4PG5FVXAT170948
46,Male,Archibaldo Teasell,ateasell19@cpanel.net,Human Resources,1G6DU6EV7A0162774
47,Female,Gipsy Snozzwell,gsnozzwell1a@google.ru,Business Development,JH4KB16678C487274
48,Female,Pippy Perel,pperel1b@google.de,Accounting,WBAWV13527P325739
49,Male,Ronnie De Filippo,rde1c@constantcontact.com,Business Development,3VWML7AJ7DM979489
50,Female,Anstice Vanacci,avanacci1d@unesco.org,Business Development,1N6AA0EK3FN917180
51,Male,Ludovico Howes,lhowes1e@about.me,Research and Development,WVWAN7AN2EE303980
52,Female,Pen Sudddard,psudddard1f@edublogs.org,Marketing,1HGCR2E77FA159784
53,Female,Regan Seggie,rseggie1g@lycos.com,Accounting,JM1NC2EF1A0235871
54,Male,Ulises Euler,ueuler1h@cam.ac.uk,Services,5TFCY5F15DX265948
55,Female,Esme Pinson,epinson1i@chronoengine.com,Research and Development,WDDPK4HA3CF013636
56,Female,Mercy Dalgety,mdalgety1j@freewebs.com,Engineering,1G6AE5S38E0358547
57,Female,Cal Folliott,cfolliott1k@over-blog.com,Legal,WBABW53434P030736
58,Female,Lethia Momery,lmomery1l@cdc.gov,Services,1GKS2GEJ5CR353819
59,Female,Waly Francescuzzi,wfrancescuzzi1m@cloudflare.com,Services,WAUML54B54N218068
60,Female,Elset McBeth,emcbeth1n@quantcast.com,Research and Development,WAUZL54B21N214853
61,Female,Lanie Leavey,lleavey1o@dedecms.com,Research and Development,1GYS3CEF7DR541461
62,Female,Cristy Jozwiak,cjozwiak1p@usa.gov,Engineering,JTHDU1EF3B5643195
63,Male,Albert Speight,aspeight1q@ucsd.edu,Accounting,4T3BA3BB9DU275616
64,Female,Bliss Robak,brobak1r@ucla.edu,Marketing,WAULV44E97N118778
65,Male,Burg Castiglione,bcastiglione1s@kickstarter.com,Engineering,3VWPG3AG7AM619164
66,Female,Torrie Shercliff,tshercliff1t@desdev.cn,Sales,WAUHGAFC3DN140488
67,Female,Cherish Donett,cdonett1u@hp.com,Research and Development,JN1CV6FEXEM334947
68,Female,Calypso Scottini,cscottini1v@constantcontact.com,Marketing,19UUB2F75FA199921
69,Male,Gunner Rignold,grignold1w@ameblo.jp,Sales,WAUBGAFB3BN174179
70,Male,Tristam Ridolfo,tridolfo1x@yelp.com,Business Development,KMHGH4JH0CU929889
71,Female,Wini Tinan,wtinan1y@blinklist.com,Sales,WVGAV7AX3AW048449
72,Female,Kellsie Malacrida,kmalacrida1z@examiner.com,Marketing,1GYEK63N93R711622
73,Male,Noak Fearnley,nfearnley20@amazon.com,Human Resources,WAUFFBFL5BN465642
74,Male,Karlis Senett,ksenett21@huffingtonpost.com,Human Resources,5XYZG3AB4BG538315
75,Male,Yorke McEneny,ymceneny22@usatoday.com,Engineering,KL4CJCSB1EB443998
76,Female,Susette Dorsey,sdorsey23@webmd.com,Human Resources,4T1BF3EK5BU051312
77,Male,Hagen Durbyn,hdurbyn24@mit.edu,Training,WBAPH73549E574525
78,Female,Catina Gayle,cgayle25@ted.com,Sales,1N6AF0LY6EN060330
79,Male,Carmine Josefson,cjosefson26@hexun.com,Business Development,1FTEW1CMXEF740696
80,Male,Emory Gisburne,egisburne27@deliciousdays.com,Services,3D73M3CL1AG124306
81,Male,Terence Toderbrugge,ttoderbrugge28@usa.gov,Human Resources,WUAUUAFG1EN009657
82,Male,Winnie Silby,wsilby29@hc360.com,Accounting,WA1EFCFS1FR771371
83,Female,Lida Caldroni,lcaldroni2a@earthlink.net,Support,3D7TT2CT7AG126431
84,Male,Pippo Catteroll,pcatteroll2b@craigslist.org,Research and Development,5J8TB4H7XGL468392
85,Male,Victoir Ivanonko,vivanonko2c@hc360.com,Human Resources,1GKS1EEF5BR626887
86,Male,Gardner Brixey,gbrixey2d@pagesperso-orange.fr,Marketing,1FTWF3B57AE683464
87,Female,Helaina Ivan,hivan2e@seesaa.net,Product Management,1G6DX67D080194357
88,Male,Alister Storrs,astorrs2f@hp.com,Support,WA1DMAFPXFA373589
89,Female,Zonnya Ping,zping2g@arizona.edu,Business Development,JH4CW2H50BC532744
90,Male,Niles Sparway,nsparway2h@toplist.cz,Services,JM1NC2JF4E0537313
91,Female,Mavra Sedger,msedger2i@merriam-webster.com,Marketing,WAU2GAFC7EN212655
92,Female,Cordelia Frisel,cfrisel2j@ebay.co.uk,Sales,WAUVVAFR3BA376205
93,Female,Olive Poplee,opoplee2k@nps.gov,Marketing,WBAAV534X1F053138
94,Male,Lemar MacCartney,lmaccartney2l@nytimes.com,Marketing,WAUAF78E06A255792
95,Female,Virgina Sapauton,vsapauton2m@instagram.com,Product Management,WAULT54B83N921593
96,Male,Darren Ahrend,dahrend2n@booking.com,Human Resources,1LNHL9DK2DG528965
97,Female,Marylou Pfleger,mpfleger2o@uol.com.br,Support,3C63DRJLXCG335515
98,Female,Staci Annott,sannott2p@dell.com,Sales,JH4CU4F65DC459466
99,Male,Dion Mongain,dmongain2q@yellowbook.com,Accounting,WBXPC93418W783155
100,Female,Cherin Lockhart,clockhart2r@yelp.com,Product Management,WBAEH73414B767532
101,Female,Karel Cuff,kcuff2s@ezinearticles.com,Engineering,WAUGVAFR1BA182698
102,Male,Curr Bloodworth,cbloodworth2t@icio.us,Accounting,19UUA9F74EA833231
103,Male,Asher Bacop,abacop2u@4shared.com,Engineering,2C3CDZAT8FH805042
104,Female,Cordy Rutherfoord,crutherfoord2v@weibo.com,Training,19XFB4F25DE702705
105,Female,Catherine Duthie,cduthie2w@ibm.com,Accounting,JH4DC538X6S788255
106,Female,Andromache Crady,acrady2x@plala.or.jp,Engineering,JTEBU5JR4A5464352
107,Female,Amalle Davy,adavy2y@dyndns.org,Business Development,WBAYG0C55DD109104
108,Female,Petronia Waple,pwaple2z@weather.com,Support,WBSBL93404P015168
109,Female,Nickie Ivakin,nivakin30@cdc.gov,Services,1G6AC5S34E0301445
110,Female,Janith Tither,jtither31@furl.net,Services,3VWML7AJ4CM719422
111,Male,Sinclare Treeby,streeby32@hp.com,Engineering,1GKKRNEDXDJ957912
112,Male,Jacky Anear,janear33@google.es,Accounting,1N6AA0EC3DN716739
113,Male,Owen Stileman,ostileman34@yolasite.com,Support,JM3KE2BE2F0413701
114,Female,Cassondra Oda,coda35@seesaa.net,Sales,WAUEF78E26A430643
115,Female,Nanine Dabourne,ndabourne36@bing.com,Research and Development,JTHBW1GG1E2932783
116,Female,Angelica Bygreaves,abygreaves37@reverbnation.com,Training,1B3AZ6JZ0AV048405
117,Male,Chet Fencott,cfencott38@people.com.cn,Legal,1G4HE5EM7AU273360
118,Male,Jarrad Korba,jkorba39@google.ru,Human Resources,WP1AA2A23DL498109
119,Female,Hilda Moxson,hmoxson3a@blogtalkradio.com,Training,1HGCP2E34CA956265
120,Male,Mordy Melchior,mmelchior3b@utexas.edu,Services,3D73Y4HLXBG095506
121,Female,Barbara Rother,brother3c@issuu.com,Research and Development,4T1BD1EB3FU831065
122,Female,Sosanna Sarre,ssarre3d@comcast.net,Support,1FTEX1C80AK988327
123,Female,Talyah Newing,tnewing3e@flavors.me,Human Resources,1G6AH5S38D0455138
124,Male,Alphard Riepel,ariepel3f@cdbaby.com,Engineering,WDCGG0EB7FG284662
125,Female,Cleo Medler,cmedler3g@lycos.com,Training,JN1CY0AP9AM523368
126,Male,Vincenz Sanchiz,vsanchiz3h@cyberchimps.com,Legal,WBA3R5C53EK896763
127,Male,Marshal Frisby,mfrisby3i@slideshare.net,Human Resources,1GYEC63868R423782
128,Male,Sven Meriguet,smeriguet3j@netscape.com,Legal,WDDGF4HB2CA408613
129,Female,Milena Mountford,mmountford3k@omniture.com,Business Development,1N6AD0CW3EN327332
130,Female,Margy Maplethorpe,mmaplethorpe3l@cornell.edu,Engineering,1D7RV1GPXBS461690
131,Male,Inness Hukins,ihukins3m@a8.net,Research and Development,1G6DD67V680722226
132,Male,Noe Dubois,ndubois3n@tripadvisor.com,Business Development,WBAEA53539C774128
133,Female,Helena Nickoll,hnickoll3o@hostgator.com,Legal,JN8AF5MR4FT303416
134,Female,Lotte Fitzroy,lfitzroy3p@cargocollective.com,Business Development,WAUYP64B81N627267
135,Female,Quentin Jorry,qjorry3q@unblog.fr,Business Development,WAUNE78P38A799020
136,Male,Gaven Fosken,gfosken3r@xrea.com,Business Development,SAJWA4DC7FM927213
137,Female,Vicki Dunniom,vdunniom3s@ucoz.com,Sales,WBA3T3C50FP862483
138,Male,Corbin Burnsyde,cburnsyde3t@naver.com,Training,WBAFR7C51BC845714
139,Male,Kilian Extal,kextal3u@icq.com,Research and Development,WAUBNBFB7BN757172
140,Male,Xenos Bufton,xbufton3v@ask.com,Support,1FMJK1HT1FE671782
141,Male,Skipton Doddridge,sdoddridge3w@addthis.com,Support,WDDEJ7GB9CA903738
142,Female,Ellynn Balsdon,ebalsdon3x@businessweek.com,Services,WAUPL58E44A675320
143,Female,Phaedra Fortoun,pfortoun3y@va.gov,Legal,1D4PU7GX1BW387336
144,Female,Sean Ormes,sormes3z@livejournal.com,Engineering,WBAPT73538C296029
145,Female,Beryle Hens,bhens40@ihg.com,Services,JHMGE8G31CC298445
146,Female,Veronica McGeouch,vmcgeouch41@goo.ne.jp,Sales,4T1BF3EK2BU946238
147,Male,Patton Bugge,pbugge42@i2i.jp,Human Resources,3MZBM1K74FM271854
148,Female,Yetty Eakle,yeakle43@dropbox.com,Research and Development,JHMZF1C48BS048085
149,Male,Patton Springtorpe,pspringtorpe44@sbwire.com,Research and Development,KNADH5A38A6384007
150,Male,Dean Blencowe,dblencowe45@gravatar.com,Human Resources,1GKS1HE04CR447559
151,Female,Sandy Fausset,sfausset46@nifty.com,Product Management,1FTEW1C81AF000774
152,Male,Torey Harse,tharse47@yahoo.com,Sales,JTDJTUD31DD349576
153,Male,Christian Gildea,cgildea48@engadget.com,Research and Development,WAUKH78EX8A741916
154,Male,Gunar Deetlof,gdeetlof49@aboutads.info,Engineering,WVGAV3AX8DW794652
155,Male,Quill Carruthers,qcarruthers4a@usda.gov,Accounting,WBA3V7C51F5835791
156,Female,Rozina Clother,rclother4b@freewebs.com,Research and Development,WBAVC93537K642202
157,Female,Jonell Ruecastle,jruecastle4c@netscape.com,Product Management,3C4PDDDG6CT657765
158,Male,Winston Mieville,wmieville4d@nationalgeographic.com,Business Development,1D7RB1GK0AS651669
159,Female,Alina Saura,asaura4e@constantcontact.com,Marketing,3C63DPBL1CG779093
160,Male,Oby Lyles,olyles4f@mac.com,Training,WAUMGBFL4CA398898
161,Male,Alonzo Nelmes,anelmes4g@amazon.com,Marketing,WVWED7AJ0CW685080
162,Female,Lurlene Brignall,lbrignall4h@macromedia.com,Services,WAUEH98E47A028503
163,Male,Bailie Truder,btruder4i@noaa.gov,Product Management,WUARU98E27N180100
164,Male,Felic Hunnicot,fhunnicot4j@dropbox.com,Training,WAUML54B73N106919
165,Male,Fredrick Bercher,fbercher4k@upenn.edu,Research and Development,3D7TT2CT1BG193883
166,Female,Alison Worms,aworms4l@hao123.com,Product Management,WAUVC68E25A249494
167,Male,Roderick Szachniewicz,rszachniewicz4m@state.tx.us,Support,137ZA84391E835660
168,Female,Celina Oluwatoyin,coluwatoyin4n@cisco.com,Training,WA1CGAFE4BD129415
169,Female,Lola Kinghorn,lkinghorn4o@marriott.com,Business Development,1B3CB2HA4AD596452
170,Female,Revkah Parkhouse,rparkhouse4p@g.co,Sales,WAUDFAFL0AN998255
171,Female,Cindra Placidi,cplacidi4q@meetup.com,Research and Development,5J8TB3H54GL674817
172,Female,Honoria Bonnet,hbonnet4r@marriott.com,Accounting,2HNYD2H8XCH455090
173,Female,Addia Pusill,apusill4s@tamu.edu,Engineering,3D4PG1FG6BT679902
174,Female,Samaria Castan,scastan4t@mashable.com,Marketing,JN1AY1AR9DM256767
175,Female,Melantha Ondra,mondra4u@taobao.com,Support,WBA6B2C54DD039922
176,Female,Andree Dasent,adasent4v@yale.edu,Services,JHMZE2H39CS257426
177,Female,Aloysia Treswell,atreswell4w@msn.com,Business Development,1FMJK1G52DE822340
178,Female,Sibel Lenormand,slenormand4x@joomla.org,Support,WAUVT64B43N339974
179,Female,Tobye Verdie,tverdie4y@wikia.com,Marketing,WAUHFBFL3DN401708
180,Female,Fayre Loftin,floftin4z@i2i.jp,Support,JTHKD5BH3C2712930
181,Male,Matthus Dewane,mdewane50@google.fr,Marketing,WA1AM94L99D836746
182,Female,Gretal Jiranek,gjiranek51@unicef.org,Training,3VWKP7AJ4DM554940
183,Male,Coleman Duncklee,cduncklee52@slideshare.net,Services,1N6AA0CCXAN922820
184,Male,Vance Alford,valford53@meetup.com,Research and Development,WA1CGBFE6ED697143
185,Female,Katuscha Markos,kmarkos54@washingtonpost.com,Research and Development,2T1KU4EE8CC808132
186,Female,Clarisse Schrieves,cschrieves55@purevolume.com,Business Development,JTHBL5EF1A5677572
187,Female,Drona Di Biasi,ddi56@cnet.com,Support,JH4DB75591S253783
188,Female,Annette Vazquez,avazquez57@ebay.co.uk,Product Management,WAUCH74F99N639925
189,Female,Alikee Pidcock,apidcock58@stanford.edu,Research and Development,JM1DE1KY8E0300663
190,Male,Gerri Pontain,gpontain59@gravatar.com,Accounting,WAUDV74F67N002792
191,Male,Selby Hoyles,shoyles5a@delicious.com,Training,1N6AA0EC6DN281666
192,Male,Matthiew Ellington,mellington5b@wikipedia.org,Engineering,3G5DB03E82S130887
193,Female,Milicent Costelow,mcostelow5c@mediafire.com,Training,4T1BF3EKXAU830834
194,Female,Cordie Montel,cmontel5d@woothemes.com,Engineering,WVGEF9BP6ED202260
195,Male,Miner Dwane,mdwane5e@disqus.com,Marketing,2G4GT5GK7C9592867
196,Female,Tiff Queenborough,tqueenborough5f@privacy.gov.au,Business Development,WBA3B1C57FK463302
197,Female,Victoria Banbridge,vbanbridge5g@sitemeter.com,Human Resources,SALSF2D40DA933356
198,Male,Alfonse Tebbit,atebbit5h@nba.com,Marketing,1G6DM57N930776588
199,Male,Lazarus Strathman,lstrathman5i@macromedia.com,Sales,TRUXD38JX91697059
200,Male,Luke LeEstut,lleestut5j@biglobe.ne.jp,Training,W04GU5GC0B1756225
201,Female,Dorothee Moubray,dmoubray5k@mysql.com,Product Management,SCFBF04B47G074317
202,Male,Fair Basnett,fbasnett5l@sina.com.cn,Product Management,WAUEF78E27A803262
203,Female,Katharyn Jays,kjays5m@theglobeandmail.com,Human Resources,JN8AZ2NC8C9422871
204,Male,Cozmo Kingswood,ckingswood5n@weebly.com,Engineering,WA1DMAFP8FA988416
205,Female,Perla Iacobini,piacobini5o@blogs.com,Research and Development,1VWAH7A37EC572636
206,Male,Russ Sturm,rsturm5p@businesswire.com,Services,VNKJTUD37FA308929
207,Male,Pascale Roth,proth5q@zdnet.com,Marketing,1G6DV8EP9B0484344
208,Male,Michale Frenchum,mfrenchum5r@nbcnews.com,Services,2C3CCARG4DH127267
209,Male,Town Hannaford,thannaford5s@blogs.com,Human Resources,WAUEG94F06N148386
210,Female,Kevyn Saturley,ksaturley5t@omniture.com,Human Resources,5FNRL5H22DB757460
211,Female,Aura Burchard,aburchard5u@yelp.com,Sales,5FRYD3H82FB360883
212,Male,Agustin Georges,ageorges5v@fotki.com,Business Development,3VW507AT6FM856901
213,Female,Vivianne Kinnane,vkinnane5w@arizona.edu,Support,5N1AN0NU7AC201679
214,Female,Hillary Wannan,hwannan5x@prnewswire.com,Legal,5GADT13S942685770
215,Male,Benton Blaxter,bblaxter5y@google.fr,Services,SCFEBBCF4CG559883
216,Male,Marcel O' Ronan,mo5z@squidoo.com,Marketing,WAUMK98K99N338290
217,Male,Giff Lowry,glowry60@yandex.ru,Accounting,JM3TB2BA3C0923352
218,Male,Eb Broxton,ebroxton61@japanpost.jp,Training,WBAHN83528D889525
219,Male,Ellerey Sharple,esharple62@reuters.com,Research and Development,KNAFT4A27B5090842
220,Male,Robb Breeds,rbreeds63@wikispaces.com,Business Development,3D73M4CL5BG854517
221,Male,Sutton Stubbs,sstubbs64@baidu.com,Engineering,1G6DA67V980694317
222,Female,Krysta Heyworth,kheyworth65@auda.org.au,Product Management,1N6AA0CC7EN592902
223,Female,Aryn Grigor,agrigor66@so-net.ne.jp,Human Resources,KNDMG4C37A6859997
224,Male,Claudius Kenny,ckenny67@berkeley.edu,Human Resources,WAUDFAFL1EN724133
225,Male,Jerrie Emmanuele,jemmanuele68@51.la,Human Resources,5N1AA0NE3EN124677
226,Female,Phaidra Greystoke,pgreystoke69@netvibes.com,Research and Development,1GYS4BKJ0FR272688
227,Male,Karney Cudmore,kcudmore6a@epa.gov,Training,2FMPK3K99FB020530
228,Female,Joycelin Gobbet,jgobbet6b@reddit.com,Product Management,WBAWV13589P031071
229,Female,Zola Dutteridge,zdutteridge6c@domainmarket.com,Human Resources,1FTEW1CW8AK241916
230,Female,Eadie Affron,eaffron6d@gov.uk,Sales,WBAGN83403D463764
231,Female,Sileas Kording,skording6e@joomla.org,Training,1NXBU4EE5AZ797506
232,Female,Dolores Rossander,drossander6f@php.net,Services,WAUFFAFL8FA420735
233,Female,Valentine Roseman,vroseman6g@bloglines.com,Accounting,WA1VKBFPXAA831804
234,Female,Ofella Albarez,oalbarez6h@nifty.com,Research and Development,WBAPH5G57BN134853
235,Male,Brewer Hearson,bhearson6i@buzzfeed.com,Training,1GYS3KEF8CR394222
236,Female,Lavena Skilbeck,lskilbeck6j@java.com,Legal,5GADV23147D377180
237,Male,Fonsie Skone,fskone6k@weather.com,Accounting,1GTN1TEX9DZ286863
238,Female,Sharona Kestle,skestle6l@geocities.com,Legal,WAUBH78E87A774993
239,Female,Dagmar Bembrigg,dbembrigg6m@hp.com,Research and Development,WAUSF78E37A027999
240,Male,Quent Donnell,qdonnell6n@mlb.com,Human Resources,JN1AZ4EHXAM566535
241,Male,Northrup Pepon,npepon6o@vk.com,Research and Development,1G6DM57N630265954
242,Male,Aldwin Benardette,abenardette6p@hao123.com,Sales,WBAHL83546D806549
243,Female,Annabel Olifard,aolifard6q@mozilla.org,Human Resources,WBSBL93406P327686
244,Male,Walden Maude,wmaude6r@simplemachines.org,Business Development,1G6DL8EG1A0015074
245,Male,Domenic Dumberell,ddumberell6s@webnode.com,Business Development,YV1612FSXE1740601
246,Male,Welsh McFeat,wmcfeat6t@tripadvisor.com,Legal,19XFB4F26EE116368
247,Male,Morris Carefull,mcarefull6u@zdnet.com,Sales,3D7TT2CT8BG458606
248,Female,Beret Rutgers,brutgers6v@amazon.co.jp,Support,WAUUL78E28A401165
249,Male,Jarad Alexandersen,jalexandersen6w@apache.org,Support,1N6AA0CA9BN534378
250,Male,Abbey Jarrold,ajarrold6x@mozilla.com,Support,YV126MED1F1691286
251,Female,Mireille Grocock,mgrocock6y@opera.com,Marketing,WAUFL44D12N924925
252,Female,Rhodia Carnell,rcarnell6z@sina.com.cn,Business Development,1C4NJPBA7FD464826
253,Male,Baxie Ginnelly,bginnelly70@baidu.com,Engineering,3N1BC1CP9CK790185
254,Female,Darsey Mawman,dmawman71@nytimes.com,Support,3VW517AT9EM784880
255,Male,Trevar Elderton,telderton72@photobucket.com,Legal,1D7RB1GK8AS981379
256,Male,Baxy Francklin,bfrancklin73@fda.gov,Engineering,19UUA75607A971218
257,Male,Jamie Brayford,jbrayford74@posterous.com,Support,19VDE1F34DE291361
258,Female,Nariko Exall,nexall75@hc360.com,Legal,SCBCR73W08C973534
259,Female,Jessica Manthorpe,jmanthorpe76@squidoo.com,Product Management,JM1DE1HY9B0901969
260,Male,Ximenes Grigoire,xgrigoire77@zdnet.com,Business Development,WBALZ5C58CD787524
261,Female,Andreana Vakhlov,avakhlov78@about.com,Training,3GYFNBEY7BS651816
262,Male,Keary Vogelein,kvogelein79@live.com,Research and Development,JH4CL959X5C064129
263,Male,Hube Aronow,haronow7a@pen.io,Legal,2G4WB55K521298446
264,Female,Tracey Micka,tmicka7b@nature.com,Marketing,WA1VGAFP5FA198535
265,Female,Terese Garthland,tgarthland7c@dmoz.org,Legal,JN1AZ4EHXDM512172
266,Female,Jobye Tissington,jtissington7d@ca.gov,Product Management,5GAKRAKD3FJ458043
267,Female,Paulina De la Zenne,pde7e@geocities.jp,Support,WAUKFBFL0AA237438
268,Female,Shari Legge,slegge7f@yellowpages.com,Product Management,2FMDK3GC1AB380097
269,Female,Angelle Hillitt,ahillitt7g@sfgate.com,Engineering,WBAAV33431E014448
270,Female,Elyn Antliff,eantliff7h@vk.com,Training,WA1BV94L67D650094
271,Male,Rodrique Fullard,rfullard7i@seesaa.net,Business Development,3D73M4CL9BG333154
272,Male,Nikolaus Baldacco,nbaldacco7j@illinois.edu,Marketing,WAUGFAFC3FN596668
273,Male,Norman Golson,ngolson7k@comsenz.com,Product Management,WAUBFAFL5AA580112
274,Female,Beitris Capin,bcapin7l@quantcast.com,Support,SALFP2BN5AH210146
275,Female,Myrah Shelly,mshelly7m@wiley.com,Marketing,JTEBU5JR7F5226793
276,Female,Tami Shackell,tshackell7n@examiner.com,Marketing,JTHBL1EF2B5456539
277,Female,Ddene Maslin,dmaslin7o@tripod.com,Human Resources,YV1672MK0C2780002
278,Female,Haleigh Lapthorn,hlapthorn7p@seesaa.net,Sales,JHMFB4F27CS053273
279,Female,Else Evenett,eevenett7q@hexun.com,Research and Development,1FTEX1CM4BK636205
280,Male,Welby Quincey,wquincey7r@ycombinator.com,Human Resources,1C3BC4FB7BN476109
281,Male,Dwight Ride,dride7s@t.co,Human Resources,WAUHE78P38A726758
282,Female,Charil Ezzle,cezzle7t@printfriendly.com,Business Development,WAUFFAFL1DN854002
283,Male,Gael Jean,gjean7u@google.pl,Research and Development,NM0KS9BN2CT453830
284,Female,Aubrette Beddard,abeddard7v@army.mil,Legal,WBALL5C50EJ660725
285,Male,Ripley Copley,rcopley7w@github.com,Product Management,WAUFEAFM1CA935485
286,Female,Genevra Soitoux,gsoitoux7x@usgs.gov,Support,WBA3B1C55EF233071
287,Male,Nathan By,nby7y@nymag.com,Legal,WBSWL93548P883531
288,Male,Harry Clausewitz,hclausewitz7z@economist.com,Legal,2FMDK3AK1CB189492
289,Male,Taber Senecaux,tsenecaux80@cmu.edu,Training,1G4GD5ERXCF554800
290,Male,Jeramie Smail,jsmail81@indiatimes.com,Accounting,WA1LGBFE8FD623093
291,Male,Amory Westrope,awestrope82@csmonitor.com,Legal,WBAYA6C57FD346359
292,Male,Delainey Battams,dbattams83@technorati.com,Training,WAUFFAFL5DA981309
293,Male,Stefano Doog,sdoog84@walmart.com,Business Development,SALAG2D41CA866175
294,Male,Lonny Claypool,lclaypool85@cbc.ca,Services,1HGCR2E55EA712798
295,Male,Ignacio Jakubowsky,ijakubowsky86@homestead.com,Sales,WBA3B5C57EP113340
296,Female,Consuelo Swindon,cswindon87@europa.eu,Support,WAUAF78E66A213482
297,Female,Tiffi De Mico,tde88@cyberchimps.com,Accounting,1G4GH5G34CF533423
298,Male,Garek Rive,grive89@bloglovin.com,Sales,WAU4FBFL2BA516321
299,Female,Maryjo Martinec,mmartinec8a@nytimes.com,Product Management,WAUCVAFR9CA819594
300,Female,Jana Pitkeathly,jpitkeathly8b@cafepress.com,Accounting,2C3CDXEJXCH651278
301,Male,Nicol Atyea,natyea8c@ihg.com,Marketing,2HNYD2H42CH085377
302,Male,Paige Hendrich,phendrich8d@opera.com,Product Management,WA1WMAFE0CD733082
303,Female,Karina Winterson,kwinterson8e@answers.com,Research and Development,5N1AA0NE7FN896245
304,Male,Sig Swett,sswett8f@elegantthemes.com,Sales,JN8AZ2NC6B9191774
305,Male,Mordy Trehearne,mtrehearne8g@cnn.com,Product Management,1GYS4BEFXCR203588
306,Male,Andonis Praill,apraill8h@amazon.co.uk,Business Development,JH4NA21605S495621
307,Female,Dionis Gaudon,dgaudon8i@artisteer.com,Human Resources,1GTN2TEH6FZ778159
308,Female,Stefania Le Floch,sle8j@google.cn,Product Management,3C3CFFCR8DT608547
309,Female,Aidan Slocket,aslocket8k@artisteer.com,Research and Development,JTHBK1GG0D2885482
310,Male,Rossie McSporon,rmcsporon8l@ezinearticles.com,Accounting,JH4DB76641S711057
311,Male,Borden Yitzovicz,byitzovicz8m@deviantart.com,Engineering,1ZVBP8AM3C5954718
312,Male,Stavros Forsythe,sforsythe8n@businessinsider.com,Training,JH4DC53853S622320
313,Male,Berky Yacob,byacob8o@theglobeandmail.com,Business Development,WBSDE93451B702562
314,Female,Elene Blakesley,eblakesley8p@illinois.edu,Legal,1N6AF0KX2FN163030
315,Male,Welch Jedrysik,wjedrysik8q@wsj.com,Sales,1FTSX2A59AE220121
316,Female,Stacia Hedney,shedney8r@google.ca,Product Management,1G4HP54K834604671
317,Female,Cybill Perulli,cperulli8s@telegraph.co.uk,Legal,WA1FFCFS7FR628333
318,Male,Bord Deaves,bdeaves8t@intel.com,Support,1D7RE2GK4BS602151
319,Male,Alonso Champerlen,achamperlen8u@cisco.com,Services,WVWGU7AN8CE420330
320,Male,Reagen Burwin,rburwin8v@storify.com,Product Management,WAUDFAFL3DN095683
321,Female,Hildagarde Kaysor,hkaysor8w@privacy.gov.au,Accounting,WBAEK73434B696397
322,Female,Mandy Wimes,mwimes8x@dagondesign.com,Training,1G4GD5EG8AF294053
323,Male,Sigismundo Moggan,smoggan8y@so-net.ne.jp,Business Development,1N6AF0KY7EN513940
324,Female,Belvia Radeliffe,bradeliffe8z@digg.com,Sales,5J6TF2H59FL523283
325,Male,Roma Kitchen,rkitchen90@theguardian.com,Sales,1FTWX3A57AE885848
326,Female,Sada Tupman,stupman91@weather.com,Product Management,JTMHY7AJ8E4558920
327,Female,Wendi Raun,wraun92@deliciousdays.com,Human Resources,JN8AZ1FY0DW431183
328,Male,Vic Allberry,vallberry93@alibaba.com,Engineering,1G6D25ED7B0292966
329,Male,Moise Mochar,mmochar94@mayoclinic.com,Research and Development,WBANF33586C533764
330,Male,Mathe Kyngdon,mkyngdon95@spotify.com,Sales,1N6AA0CJ1FN919228
331,Male,Quill Salmon,qsalmon96@mit.edu,Marketing,WP0CA2A80ES787778
332,Male,Garold Smitherman,gsmitherman97@tumblr.com,Engineering,WBSWL93578P599813
333,Male,Ebeneser Randalson,erandalson98@independent.co.uk,Marketing,WBSKG9C52DJ916980
334,Male,Loydie Hoyer,lhoyer99@youku.com,Training,WBA3B1C54FP457976
335,Female,Lori Stotherfield,lstotherfield9a@taobao.com,Human Resources,1N6AF0KY0FN736600
336,Male,Logan Massingberd,lmassingberd9b@exblog.jp,Accounting,KNAFK4A60F5883086
337,Male,Buddy Hue,bhue9c@japanpost.jp,Services,1G6DH5E50D0781252
338,Male,Swen Batho,sbatho9d@disqus.com,Training,1GKKRNED4EJ275898
339,Male,Anthony Haughan,ahaughan9e@uol.com.br,Training,JH4CL96974C629837
340,Female,Adora Huske,ahuske9f@g.co,Legal,1G6DS1E37C0198765
341,Female,Hesther Dellar,hdellar9g@weibo.com,Research and Development,3N1CN7AP0DL163830
342,Female,Gaynor Gaw,ggaw9h@virginia.edu,Sales,WAUVFAFH1AN854021
343,Female,Clare Guerrero,cguerrero9i@chron.com,Product Management,WBAWL13547P760705
344,Male,Nelson Pirson,npirson9j@moonfruit.com,Marketing,SAJWA1EK0EM012688
345,Female,Rosie Bonny,rbonny9k@linkedin.com,Accounting,4T1BK3DB8AU863764
346,Female,Carlyn Boothe,cboothe9l@a8.net,Accounting,1D7CE5GKXAS717312
347,Female,Mollee Hairesnape,mhairesnape9m@github.io,Human Resources,WBANN73536C394962
348,Male,Tome Poole,tpoole9n@utexas.edu,Product Management,JM1DE1KY0C0139206
349,Female,Jorey Lilly,jlilly9o@moonfruit.com,Training,1G6KD57Y74U382101
350,Male,Merell Riddle,mriddle9p@dailymail.co.uk,Research and Development,3C63D2JL2CG461732
351,Female,Coralie Choldcroft,ccholdcroft9q@usa.gov,Human Resources,KMHEC4A44FA277383
352,Male,Garv Markel,gmarkel9r@ameblo.jp,Research and Development,1GYS4CEF7CR463789
353,Female,Sofia Dutson,sdutson9s@spiegel.de,Services,2C3CDXDT1EH601522
354,Male,Gregg Jeanequin,gjeanequin9t@patch.com,Legal,JN8CS1MU1FM582626
355,Male,Bartolemo Cloy,bcloy9u@surveymonkey.com,Accounting,TRUB3AFK3D1800117
356,Male,Vance Milne,vmilne9v@examiner.com,Accounting,1C4NJCBA1DD160672
357,Male,Brand Wildgoose,bwildgoose9w@timesonline.co.uk,Business Development,SALVE2BG2FH845268
358,Male,Mort Coulling,mcoulling9x@i2i.jp,Engineering,4T3BK3BB3FU288684
359,Female,Alaine Prendergrast,aprendergrast9y@narod.ru,Human Resources,WBANV1C56AB439520
360,Female,Cyndia Humpatch,chumpatch9z@addtoany.com,Accounting,SCFFDABM2DG362592
361,Male,Renaud Shepheard,rshephearda0@dell.com,Product Management,2HNYD28508H242999
362,Male,Brandon Scranny,bscrannya1@goo.ne.jp,Support,1GKUCHE0XAR726742
363,Male,Hernando Haythorn,hhaythorna2@yellowbook.com,Legal,5N1BA0NE9FN401984
364,Female,Demeter Muckersie,dmuckersiea3@virginia.edu,Product Management,3GTXKYEJ2AG369738
365,Male,Erin Guile,eguilea4@state.tx.us,Legal,1GD22XEG8FZ275021
366,Female,Marnia Pirson,mpirsona5@aol.com,Business Development,1G6DH1E3XE0407546
367,Male,Ripley Siemantel,rsiemantela6@state.tx.us,Services,2T2BK1BA4FC996962
368,Male,Sheffield Broggio,sbroggioa7@oakley.com,Human Resources,2HNYD18985H486487
369,Female,Marci Maestrini,mmaestrinia8@mayoclinic.com,Training,WBANB33575C406238
370,Female,Carlie Zorzoni,czorzonia9@sitemeter.com,Engineering,2B3CK9CV2AH319904
371,Female,Devondra Brinkman,dbrinkmanaa@posterous.com,Sales,WBA3B3C53DF763050
372,Female,Honey Bletcher,hbletcherab@ezinearticles.com,Legal,JN8AE2KP1E9341037
373,Female,Lolly Matis,lmatisac@live.com,Services,WBAPM5C51BA903761
374,Male,Stephen Collister,scollisterad@salon.com,Research and Development,1C4RJEAG2FC145853
375,Male,Baxter Khotler,bkhotlerae@wsj.com,Training,W04GY5GV6B1591450
376,Male,Kent Lockyer,klockyeraf@nifty.com,Legal,1N6AF0KY9FN394127
377,Female,Eveline Kelling,ekellingag@earthlink.net,Human Resources,WBAGL63565D989676
378,Female,Tabby Jemmett,tjemmettah@yahoo.com,Accounting,1HGCR2E57FA912180
379,Male,Damon Norcliffe,dnorcliffeai@jalbum.net,Engineering,1FMCU0C79AK298637
380,Female,Lindsey Furmedge,lfurmedgeaj@wiley.com,Business Development,WAUDFAFC7CN765282
381,Female,Hope Caneo,hcaneoak@flickr.com,Accounting,JM1NC2LFXF0320895
382,Female,Ciel Belli,cbellial@amazon.co.jp,Sales,5TDBKRFH8FS527925
383,Female,Lizzie Spurman,lspurmanam@scientificamerican.com,Services,WAU3VAFR9CA960424
384,Female,Deeyn Kearn,dkearnan@vistaprint.com,Support,1GYS4NKJ7FR319619
385,Male,Hashim Lealle,hlealleao@gizmodo.com,Support,3LN6L2G94ER418887
386,Female,Laina Covendon,lcovendonap@google.es,Marketing,JTHDU1EF0A5564789
387,Female,Laurianne Mauchlen,lmauchlenaq@twitter.com,Marketing,2G4GU5EV1C9370075
388,Male,Gordie Kollasch,gkollaschar@google.ru,Legal,WBANN73596B156247
389,Male,Jessey Chooter,jchooteras@uiuc.edu,Business Development,JHMZE2H76ES580256
390,Male,Frankie Tennick,ftennickat@hatena.ne.jp,Support,KL4CJDSB2FB295870
391,Female,Jillana Judkins,jjudkinsau@ucoz.ru,Business Development,WDDGF4HB4EG050673
392,Male,Ugo Mingardo,umingardoav@drupal.org,Legal,JN1CV6EK8CM952949
393,Male,Renado Spring,rspringaw@jugem.jp,Legal,KM8JT3AB0DU666072
394,Male,Laurie Raubenheimer,lraubenheimerax@yellowbook.com,Training,1LNHL9DR5CG233614
395,Male,Chadwick Leeuwerink,cleeuwerinkay@baidu.com,Human Resources,1FADP5CU8FL003072
396,Male,Sawyere Felstead,sfelsteadaz@house.gov,Training,1GTN1TEX4CZ624040
397,Female,Monica Castanie,mcastanieb0@cargocollective.com,Marketing,KMHFC4DFXAA668757
398,Male,Rogers Stittle,rstittleb1@miibeian.gov.cn,Accounting,WBAYP1C56ED685081
399,Female,Leta Colby,lcolbyb2@phpbb.com,Support,3D4PG9FV5AT133135
400,Male,Reynold Featherstonehaugh,rfeatherstonehaughb3@google.co.jp,Legal,1N6AA0CC9DN388116
401,Female,Quinta Kollasch,qkollaschb4@ycombinator.com,Accounting,2T1BURHE3EC380210
402,Female,Davita Camolli,dcamollib5@answers.com,Services,ZFF60FCAXA0069573
403,Female,Drusie McGinnis,dmcginnisb6@vinaora.com,Services,1GD01ZEG9BF044212
404,Female,Fidelity Spurr,fspurrb7@jalbum.net,Accounting,JH4DC53004S662901
405,Male,Nester Berthel,nberthelb8@flickr.com,Training,2C3CCAFJ3CH933289
406,Female,Kandy Horley,khorleyb9@mashable.com,Business Development,WAUAC48H16K332343
407,Female,Nisse Pactat,npactatba@boston.com,Marketing,JN1CV6EK0AM977454
408,Female,Kirstin Gallahar,kgallaharbb@arizona.edu,Business Development,1GKUCHE05AR168900
409,Female,Talyah Willshaw,twillshawbc@opera.com,Product Management,WBALL5C59EE087669
410,Female,Celie Eltun,celtunbd@behance.net,Human Resources,SALAB2D44BA804797
411,Male,Hendrick Bollen,hbollenbe@surveymonkey.com,Research and Development,WBA3B5C52FF499592
412,Male,Johnathan Whelan,jwhelanbf@un.org,Marketing,WAUDH74F08N462474
413,Female,Abagail Gownge,agowngebg@miibeian.gov.cn,Training,3C3CFFCR2CT229977
414,Male,Dominic Honig,dhonigbh@go.com,Services,WBANB53567C855828
415,Female,Stefa Bousfield,sbousfieldbi@imageshack.us,Sales,1GYFC26229R117152
416,Male,Bax Pinner,bpinnerbj@kickstarter.com,Legal,WAUDT48H16K548531
417,Male,Tallie Spriddle,tspriddlebk@harvard.edu,Human Resources,JM1NC2EF3A0421007
418,Female,Cyndi Kluge,cklugebl@usnews.com,Accounting,JN1BJ0HP6DM831060
419,Female,Vivienne Spires,vspiresbm@tinypic.com,Services,NM0KS7AN4AT615279
420,Female,Pet Impey,pimpeybn@foxnews.com,Engineering,JM1CW2BL5D0619651
421,Female,Bev Jencken,bjenckenbo@cloudflare.com,Product Management,WDDGF4HBXER827636
422,Male,Jaye Gotcliff,jgotcliffbp@prlog.org,Sales,KMHTC6AD2EU307853
423,Male,Guglielmo Byrnes,gbyrnesbq@nba.com,Sales,4T3BA3BB0FU337472
424,Female,Alta Schuh,aschuhbr@latimes.com,Support,WAUBF78E68A143442
425,Male,Yard Krebs,ykrebsbs@vkontakte.ru,Marketing,WBA3A9G52DN315677
426,Female,Fina Beagles,fbeaglesbt@census.gov,Research and Development,5UXWX5C58BL557961
427,Male,Vasily Tomasik,vtomasikbu@ucsd.edu,Support,WAUCFAFH8AN516641
428,Female,Albertine O'Luby,aolubybv@rambler.ru,Business Development,WP0AB2A95AS968043
429,Male,Hobard Chasteau,hchasteaubw@seattletimes.com,Engineering,WA1VMAFE3AD451642
430,Male,Wilburt Ierland,wierlandbx@trellian.com,Marketing,WAU4FAFR0BA801050
431,Male,Fredric Smy,fsmyby@hugedomains.com,Product Management,5TFAW5F1XFX184718
432,Female,Roobbie Ansty,ranstybz@google.fr,Accounting,WBAVT13566A090975
433,Male,Zerk Bruff,zbruffc0@ucoz.ru,Product Management,JA4AP3AU8CZ302441
434,Female,Goldarina Belison,gbelisonc1@sina.com.cn,Accounting,WBADS33443G516706
435,Female,Stephine Ollier,sollierc2@marriott.com,Engineering,KMHFC4DF0AA700969
436,Male,Rory Adcocks,radcocksc3@w3.org,Training,WAUJF98K19N522548
437,Female,Adel Palluschek,apalluschekc4@netlog.com,Business Development,JN1CV6FE3FM585889
438,Female,Winona Breslane,wbreslanec5@163.com,Marketing,SAJWA6BCXF8901664
439,Male,Armand Babar,ababarc6@pbs.org,Research and Development,WAUBFAFL5DN645716
440,Female,Netty Prys,nprysc7@illinois.edu,Accounting,WAUEFAFL9DN432166
441,Male,Andras Fenning,afenningc8@hostgator.com,Research and Development,WAUGL78E87A338116
442,Male,Jessee Nockells,jnockellsc9@twitter.com,Sales,1D7CW3BK3AS913293
443,Female,Nonie Colombier,ncolombierca@comcast.net,Services,WBA6A0C51FG567118
444,Female,Margalo Saveall,msaveallcb@washington.edu,Research and Development,JN1AZ4EH8CM455114
445,Female,Phedra Ram,pramcc@cmu.edu,Research and Development,3C4PDDDG1FT394587
446,Male,Darrel Bissex,dbissexcd@seesaa.net,Services,WBAYF4C50ED248827
447,Male,Hamilton Stilling,hstillingce@chronoengine.com,Research and Development,5TFBM5F14AX656821
448,Male,Spense Deval,sdevalcf@hostgator.com,Human Resources,JH4CU2E60AC764035
449,Male,Brewer Keenor,bkeenorcg@statcounter.com,Research and Development,JN1CV6AP8BM282965
450,Male,Patric Scutts,pscuttsch@devhub.com,Research and Development,WAUEKAFB1AN062779
451,Female,Ardis Hynde,ahyndeci@hao123.com,Marketing,1D7RB1CP0AS732883
452,Male,Sherwood Grinter,sgrintercj@nbcnews.com,Human Resources,KNADM4A39C6514109
453,Male,Jerad Clethro,jclethrock@t.co,Research and Development,1ZVBP8AMXE5136907
454,Female,Georgianne Somerset,gsomersetcl@economist.com,Human Resources,ZHWGU5AUXCL481919
455,Male,Bjorn Clarey,bclareycm@vkontakte.ru,Sales,5BZAF0AA3EN086182
456,Female,Lela Staterfield,lstaterfieldcn@ehow.com,Business Development,JN8CS1MU4DM693393
457,Male,Gabby Cockshut,gcockshutco@smugmug.com,Research and Development,WAUPL68E75A214944
458,Female,Crista Czajkowski,cczajkowskicp@naver.com,Training,WA1LMAFE4AD069157
459,Male,Steven Kingshott,skingshottcq@artisteer.com,Marketing,2FMDK4GC3AB993876
460,Female,Becki Alenshev,balenshevcr@diigo.com,Services,5YMGZ0C54D0518850
461,Male,Gerald Snowdon,gsnowdoncs@nih.gov,Human Resources,1GYUKKEF3AR182210
462,Male,Morry Orneles,mornelesct@psu.edu,Marketing,JA32U2FU8FU951436
463,Male,Dicky Hoggin,dhoggincu@google.ca,Research and Development,JN1AZ4EH3FM033448
464,Female,Almeria Minall,aminallcv@thetimes.co.uk,Services,WAUJGAFD0FN942607
465,Male,Vincents Coddrington,vcoddringtoncw@e-recht24.de,Product Management,1G6AT5S33E0730849
466,Female,Othilie Curle,ocurlecx@ucsd.edu,Research and Development,5N1AR2MM4FC142390
467,Male,Duncan Normavill,dnormavillcy@jigsy.com,Services,WBAYB6C59DC684409
468,Female,Magdalen Perot,mperotcz@unesco.org,Product Management,WBAPT73528C076364
469,Female,Philipa Duce,pduced0@si.edu,Support,JHMGE8G30BC510413
470,Female,Melly Wherry,mwherryd1@china.com.cn,Product Management,SCBZK25E41C289422
471,Male,Butch Hansill,bhansilld2@artisteer.com,Legal,1N6AA0EC3FN001074
472,Female,Clareta Iorns,ciornsd3@zimbio.com,Legal,3C4PDDBG2DT144761
473,Female,Aggi McHenry,amchenryd4@quantcast.com,Engineering,WBAPM77509N577864
474,Male,Isidoro Elvin,ielvind5@amazonaws.com,Research and Development,1G6DM5E37D0497045
475,Male,Ernie Vondra,evondrad6@flickr.com,Research and Development,19UYA42402A452956
476,Female,Lura Martygin,lmartygind7@home.pl,Support,WAUSH98E76A605011
477,Female,Linzy Metherell,lmetherelld8@is.gd,Marketing,1N6AA0CC2DN419030
478,Male,Vincent Scarse,vscarsed9@pinterest.com,Support,1GYS3JKJ6FR841413
479,Female,Kare Toffanelli,ktoffanellida@imgur.com,Human Resources,JTJHY7AX7E4446983
480,Female,Aubrie Fyall,afyalldb@walmart.com,Marketing,19UUA8F50CA874350
481,Female,Ilsa Joul,ijouldc@ihg.com,Accounting,1N4AL3AP4EC022927
482,Female,Fanya McCrum,fmccrumdd@who.int,Legal,KNAFU6A27C5185024
483,Female,Cherye De Winton,cdede@latimes.com,Engineering,2C3CA9CT7AH811364
484,Male,Man Krysztowczyk,mkrysztowczykdf@apache.org,Accounting,WBADW7C52DE752899
485,Female,Masha Matthensen,mmatthensendg@webnode.com,Human Resources,1C4RDHEG1EC414541
486,Female,Reggie Wardingly,rwardinglydh@loc.gov,Marketing,WA1DVBFE1AD163276
487,Male,Sky Whereat,swhereatdi@cnet.com,Product Management,1FM5K7B87EG074079
488,Male,Roy Dahlman,rdahlmandj@123-reg.co.uk,Engineering,WAURFAFR6BA534597
489,Female,Saraann Rossoni,srossonidk@tripod.com,Human Resources,WAUAC48H56K747956
490,Male,Ky Meeson,kmeesondl@narod.ru,Engineering,WBANW13519C922397
491,Male,Vaclav Sings,vsingsdm@meetup.com,Engineering,WBAGN83413D029983
492,Female,Ashlan Gamell,agamelldn@arstechnica.com,Sales,JTDKN3DP4C3992746
493,Male,Emlyn Sidwell,esidwelldo@goodreads.com,Marketing,WBALW7C55CC519296
494,Female,Geri Goodwill,ggoodwilldp@huffingtonpost.com,Research and Development,1FBNE3BL0AD128119
495,Female,Muire Langcastle,mlangcastledq@vkontakte.ru,Sales,WA1DGAFP6DA119463
496,Female,Paula Pickering,ppickeringdr@sciencedirect.com,Accounting,1N4AA5AP8DC013843
497,Female,Kati Steinson,ksteinsonds@google.com.hk,Business Development,1D7RV1CPXAS960591
498,Female,Elbertina Ninotti,eninottidt@addtoany.com,Support,JTDKN3DU2A0177515
499,Female,Jeane Maasze,jmaaszedu@cmu.edu,Legal,1C4PJLAB6EW373545
500,Female,Gloriana Matasov,gmatasovdv@nature.com,Support,3VWKZ7AJXBM807282
501,Male,Emile Payle,epayledw@state.gov,Marketing,1C6RD7GP6CS356279
502,Male,Beltran Kose,bkosedx@skype.com,Services,WBAFR7C54DD104129
503,Male,Monroe Cockman,mcockmandy@reddit.com,Product Management,WAUEG94F96N306174
504,Male,Filippo Pettiward,fpettiwarddz@blogger.com,Business Development,JTHFN2EY7A9109427
505,Male,Aharon Yakovlev,ayakovleve0@theatlantic.com,Legal,19UUA66268A617923
506,Male,Gris Vanshin,gvanshine1@chicagotribune.com,Services,KMHCT4AE9EU464826
507,Male,Simon Turk,sturke2@unblog.fr,Training,1G4GC5ER3CF659276
508,Male,Kelby Meffan,kmeffane3@smh.com.au,Services,1G6AA5RX8E0329117
509,Male,Humphrey Fulkes,hfulkese4@addthis.com,Business Development,WDCYC3HF3DX895561
510,Male,Timoteo Cavolini,tcavolinie5@tinyurl.com,Accounting,WBABD53416P182670
511,Female,Lethia Colebourn,lcolebourne6@columbia.edu,Product Management,WBAXG5C50CC045910
512,Male,Bondy Rickarsey,brickarseye7@comcast.net,Human Resources,1FA6P8AM3F5420925
513,Female,Rosemary Shovell,rshovelle8@samsung.com,Engineering,1GYFK63877R294182
514,Female,Brande O'Scannill,boscannille9@usnews.com,Legal,SCBDC47L68C181635
515,Male,Pincas Absalom,pabsalomea@tumblr.com,Marketing,WBA1F7C5XFV672837
516,Male,Tadio Baswall,tbaswalleb@economist.com,Support,SCFAB01A08G126059
517,Male,Frants Deval,fdevalec@pinterest.com,Training,1C4RJEAG0DC799487
518,Male,Herb Capelen,hcapelened@merriam-webster.com,Services,1D4PU7GX1BW602570
519,Female,Brigitta MacCroary,bmaccroaryee@webmd.com,Support,WBAVT13506A235444
520,Male,Humfrey Hullin,hhullinef@over-blog.com,Sales,WAUJC68E92A009711
521,Male,Antin Lahy,alahyeg@free.fr,Accounting,1G4HR54K23U785924
522,Male,Hilario Cruikshank,hcruikshankeh@amazonaws.com,Support,5UXFH0C56AL080140
523,Male,Pepillo Gabb,pgabbei@addthis.com,Human Resources,3C3CFFHH6ET967137
524,Female,Lenore Coot,lcootej@drupal.org,Engineering,KNADH4A35B6786157
525,Female,Dominica Rouke,droukeek@mashable.com,Training,19XFB4F22DE755880
526,Male,Travus D'Antonio,tdantonioel@youtube.com,Training,1C3CDFDH8FD231674
527,Male,Munroe Freeberne,mfreeberneem@prnewswire.com,Marketing,WAUNF98P26A949544
528,Male,Falito Alekseev,falekseeven@senate.gov,Legal,3N1AB6AP5AL580494
529,Male,Lief Fairhurst,lfairhursteo@ucla.edu,Research and Development,JN8AZ1MU7EW218474
530,Male,Adolpho Helkin,ahelkinep@nasa.gov,Engineering,WBS3U9C53FP267025
531,Male,Martie Rance,mranceeq@g.co,Product Management,JH4CU2F44CC295130
532,Male,Tucker Bellini,tbellinier@nationalgeographic.com,Services,1C6RD6FK9CS296434
533,Male,Mathias Hannah,mhannahes@ibm.com,Sales,2C3CA5CG7BH186946
534,Female,Venita Habden,vhabdenet@census.gov,Engineering,JTHDL5EF1F5824781
535,Female,Daisey Adshead,dadsheadeu@indiegogo.com,Sales,1FTSF3A56AE427798
536,Male,Pembroke Eakin,peakinev@marriott.com,Marketing,1GYS3GEF3DR448041
537,Male,Franny Persehouse,fpersehouseew@stumbleupon.com,Business Development,SALVP2BG2FH750803
538,Male,Hadleigh Woolland,hwoollandex@lulu.com,Legal,JTDKDTB36F1405739
539,Male,Ira Spivie,ispivieey@creativecommons.org,Services,1ZVBP8JS0B5956598
540,Male,Bevin Kitchaside,bkitchasideez@google.co.jp,Engineering,5GALVAED6AJ234849
541,Female,Antonietta Rallinshaw,arallinshawf0@printfriendly.com,Support,2C3CK5CVXAH285240
542,Male,Pepito Askew,paskewf1@freewebs.com,Research and Development,1C3BCBGGXEN992922
543,Male,Kalil Gosalvez,kgosalvezf2@trellian.com,Sales,WAURD68D81A863868
544,Female,Katharine Glasson,kglassonf3@wunderground.com,Business Development,1HGCR2E54FA465226
545,Male,Durant Crackel,dcrackelf4@scientificamerican.com,Engineering,KNADH4A36B6217236
546,Male,Iver Snedker,isnedkerf5@goo.ne.jp,Research and Development,4T1BK1EB2EU181018
547,Male,Tanner Giles,tgilesf6@macromedia.com,Legal,2C4RVAAG8CR089286
548,Male,Eben Tallach,etallachf7@wix.com,Legal,JH4CW2H50DC846798
549,Male,Colver Scoffins,cscoffinsf8@de.vu,Services,1HGCR2E77EA548732
550,Female,Ronnie Olanda,rolandaf9@miibeian.gov.cn,Training,JH4DC53836S987504
551,Male,Orrin Draaisma,odraaismafa@last.fm,Engineering,WAUEH98E07A489231
552,Male,Gaby Prime,gprimefb@illinois.edu,Business Development,KMHEC4A49DA120249
553,Male,Paolo Swiffin,pswiffinfc@stumbleupon.com,Training,WBALM7C50EJ764592
554,Female,Shane Hanigan,shaniganfd@hatena.ne.jp,Sales,WBA3R1C58FF573988
555,Male,Perren Pettican,ppetticanfe@hubpages.com,Legal,JN8AZ2KR3CT653348
556,Female,Sapphira Gerardin,sgerardinff@newsvine.com,Sales,3C6TD5KT2CG577318
557,Male,Hughie Loveguard,hloveguardfg@yellowpages.com,Engineering,WBABN734X3P019701
558,Female,Lilah Bruno,lbrunofh@vistaprint.com,Sales,NM0KS7DN3AT823214
559,Female,Brigid Stenet,bstenetfi@businesswire.com,Services,SCBLE47K19C157984
560,Male,Adolf Malling,amallingfj@biglobe.ne.jp,Legal,1FTEX1CM1BF243948
561,Male,Allin Trownson,atrownsonfk@independent.co.uk,Engineering,1D4PU6GX9AW619772
562,Female,Celina Palmby,cpalmbyfl@craigslist.org,Marketing,19UUA9E50DA777447
563,Female,Sydel Brooksby,sbrooksbyfm@mysql.com,Accounting,SALAC2D40CA533395
564,Male,Ulric Lealle,uleallefn@stumbleupon.com,Research and Development,1G4HP52K544743595
565,Male,Moore Goss,mgossfo@indiatimes.com,Engineering,WAUVT58E94A577164
566,Male,Skye Barrington,sbarringtonfp@usatoday.com,Services,WAUGL78EX6A709243
567,Male,Innis Fullard,ifullardfq@eepurl.com,Training,WBABV13494J176850
568,Male,Shelby Garshore,sgarshorefr@oracle.com,Accounting,5N1AT2ML2EC040643
569,Female,Noelle Le Cornu,nlefs@yandex.ru,Training,YV1672MK4B2437191
570,Female,Debi Rosa,drosaft@imdb.com,Research and Development,5TDBK3EHXBS881051
571,Female,Tricia Carey,tcareyfu@answers.com,Engineering,KNADH4A39A6378906
572,Male,Lombard Albin,lalbinfv@umn.edu,Accounting,3C4PDCEG2DT175885
573,Female,Marje Richter,mrichterfw@technorati.com,Product Management,WAUNE78P48A291297
574,Male,Jeffie Looks,jlooksfx@constantcontact.com,Engineering,19UUA65516A999805
575,Male,Benny Darco,bdarcofy@arizona.edu,Human Resources,WBAEU33422P947395
576,Female,Arliene Placide,aplacidefz@dedecms.com,Business Development,WVWAN7ANXDE809619
577,Female,Kary Saphin,ksaphing0@xing.com,Business Development,5UXXW3C5XF0969589
578,Male,Ivor Shuxsmith,ishuxsmithg1@mapy.cz,Sales,WAUWGBFB1BN124629
579,Male,Terrill Rodder,trodderg2@creativecommons.org,Training,KNALW4D47F6051966
580,Female,Jocelyne Brik,jbrikg3@discovery.com,Research and Development,WVGAV7AX7BW107469
581,Female,Kelli Shoute,kshouteg4@cnet.com,Marketing,WP0CA2A83CS540476
582,Male,Eli Kauscher,ekauscherg5@stumbleupon.com,Training,WBAYP5C5XED091780
583,Female,Paula Killoran,pkillorang6@flickr.com,Research and Development,3VWML7AJ7CM742726
584,Male,Brok Walby,bwalbyg7@creativecommons.org,Legal,JM1CR2W3XA0564837
585,Male,Sullivan Sturgeon,ssturgeong8@google.com.au,Marketing,2G61S5S34F9198425
586,Male,Garik Bellis,gbellisg9@creativecommons.org,Research and Development,JTEBU4BF2DK241795
587,Female,Kaitlin Wolstenholme,kwolstenholmega@blogspot.com,Human Resources,1N6AF0LY6FN789414
588,Male,Abbie Downgate,adowngategb@cisco.com,Accounting,SCBBR9ZA6AC390345
589,Female,Marnia Romanelli,mromanelligc@ftc.gov,Marketing,WVWAB7AJ8DW958577
590,Male,Stanford Hughes,shughesgd@bbc.co.uk,Engineering,WAUNF98P18A260100
591,Male,Isidor Dormon,idormonge@mtv.com,Marketing,JN1AZ4EH3EM743688
592,Female,Joellen Wilkins,jwilkinsgf@reverbnation.com,Marketing,KMHFH4JG7FA840166
593,Female,Joyan Hacking,jhackinggg@free.fr,Accounting,JTEBU5JRXF5363534
594,Male,Guthrey Vedeniktov,gvedeniktovgh@diigo.com,Training,1B3BD1FBXBN045272
595,Female,Tamra Heitz,theitzgi@spotify.com,Marketing,WDDGF4HB3EA211226
596,Female,Vitia Piatek,vpiatekgj@github.com,Sales,1D4PT2GK7AW643522
597,Female,Nicole Yarnton,nyarntongk@vistaprint.com,Human Resources,1G6KD57Y13U071665
598,Female,Kirsteni Naisey,knaiseygl@disqus.com,Marketing,JTHKD5BH7E2707636
599,Female,Dagmar Macklin,dmacklingm@msu.edu,Marketing,WBANE735X7C562694
600,Female,Melody Delleschi,mdelleschign@a8.net,Training,WP0AA2A94AS323905
601,Male,Guy Baress,gbaressgo@blogger.com,Training,WVGFF9BP5BD123372
602,Female,Elna Adrianello,eadrianellogp@twitpic.com,Engineering,5J6TF2H59EL003650
603,Male,Osgood Everall,oeverallgq@vkontakte.ru,Training,WBA5B1C5XED631378
604,Female,Antonina Hamments,ahammentsgr@ed.gov,Engineering,WAUAFAFL8FA392932
605,Male,Ram Falshaw,rfalshawgs@clickbank.net,Marketing,3FADP0L37AR802586
606,Female,Oneida Polson,opolsongt@creativecommons.org,Services,WBAPH7C56BA968279
607,Female,Sandie Donnelly,sdonnellygu@engadget.com,Training,1G6AA5RA9F0561612
608,Female,Caterina Wyett,cwyettgv@narod.ru,Accounting,2G4WD582381603795
609,Female,Marthe Beloe,mbeloegw@mail.ru,Marketing,KNDJN2A26E7613935
610,Female,Marilyn Meeson,mmeesongx@indiatimes.com,Sales,4JGDF2EE2EA763277
611,Male,Bryant Culley,bculleygy@mac.com,Business Development,WBAKB8C58AC329714
612,Male,Padriac Kinney,pkinneygz@infoseek.co.jp,Training,1N6AA0CH5DN915239
613,Male,Stuart Cornilleau,scornilleauh0@cnn.com,Accounting,3GYFNEE3XDS454910
614,Male,Vergil Chimenti,vchimentih1@cdc.gov,Legal,KMHCM3AC4AU958382
615,Female,Debbi Dofty,ddoftyh2@multiply.com,Research and Development,WAUKH94F58N259955
616,Male,Minor Kilmurray,mkilmurrayh3@usa.gov,Legal,1FTWX3B5XAE602597
617,Female,Tarra Nutley,tnutleyh4@nytimes.com,Human Resources,TRUDD38J291305145
618,Female,Antonietta Yearns,ayearnsh5@blinklist.com,Accounting,JH4CU2F44EC192955
619,Female,Annamaria O'Keaveny,aokeavenyh6@jigsy.com,Product Management,5N1AA0ND9EN779658
620,Male,Englebert Olijve,eolijveh7@whitehouse.gov,Sales,1GYEE23AX90722526
621,Female,Seka Fair,sfairh8@over-blog.com,Product Management,3VW467AT4DM007700
622,Female,Maxie Jump,mjumph9@thetimes.co.uk,Legal,1FMJU1K59AE894830
623,Female,Lani Dillicate,ldillicateha@cnet.com,Human Resources,WAUCFAFR4CA977483
624,Male,Gardener Cragell,gcragellhb@umn.edu,Accounting,1N6AD0CU4AC964489
625,Female,Kayle Haughian,khaughianhc@reuters.com,Marketing,SCFAD01A97G767154
626,Male,Kennan Durdle,kdurdlehd@twitpic.com,Services,5FRYD3H40GB874150
627,Female,Cathrine Fosserd,cfosserdhe@stanford.edu,Product Management,WBAWL73579P412760
628,Female,Rosalyn Farlow,rfarlowhf@taobao.com,Business Development,WBAYP1C50ED336689
629,Female,Almeria Di Domenico,adihg@msn.com,Sales,WAULC68E35A675797
630,Male,Sawyere Limon,slimonhh@fema.gov,Support,1FMJK1F51AE815201
631,Female,Katerina Syrie,ksyriehi@state.gov,Accounting,WBS3R9C5XFK173285
632,Male,Craggie Osipov,cosipovhj@newsvine.com,Marketing,NM0KS9AN0AT922055
633,Female,Dyana Scotchmor,dscotchmorhk@arstechnica.com,Business Development,SCBZU25E71C851209
634,Male,Etienne Fiveash,efiveashhl@macromedia.com,Training,3D73M4CL1AG751268
635,Male,Cyrus Snape,csnapehm@cam.ac.uk,Marketing,1G4GG5G34DF971685
636,Female,Tabby Helleckas,thelleckashn@usatoday.com,Marketing,WBA3D5C50EK829696
637,Female,Dacy Brumbie,dbrumbieho@rakuten.co.jp,Business Development,JH4DC43571S634482
638,Female,Mel Szepe,mszepehp@github.com,Research and Development,SAJWA0F77F8655179
639,Female,Sabra Bonett,sbonetthq@multiply.com,Sales,1G6DH8E57D0257176
640,Male,Matteo Node,mnodehr@reference.com,Training,1HGCP2E89AA520875
641,Male,Ruy Mellhuish,rmellhuishhs@umich.edu,Product Management,1D7CE3BK3AS932137
642,Female,Brigitte Poulett,bpoulettht@studiopress.com,Engineering,19VDE1F36FE920489
643,Male,Saw Firebrace,sfirebracehu@free.fr,Engineering,WAUFFAFL5FA448637
644,Male,Barton Pridie,bpridiehv@toplist.cz,Accounting,5J8TB1H52CA169806
645,Male,Esra Davydenko,edavydenkohw@cdbaby.com,Product Management,JN1AZ4EH0CM514883
646,Female,Jelene Slesser,jslesserhx@stumbleupon.com,Support,JM1NC2JF0F0360051
647,Female,Rosie Somerbell,rsomerbellhy@about.me,Product Management,5GAKVCKD3EJ107607
648,Male,Theodore Laurenzi,tlaurenzihz@usnews.com,Training,1G6AV5S84F0606760
649,Male,Leicester Van Salzberger,lvani0@ftc.gov,Research and Development,WAUVT68E24A226635
650,Female,Irena Tilt,itilti1@icq.com,Training,SCBDC47L79C580085
651,Male,Benedicto Dobinson,bdobinsoni2@slate.com,Engineering,WBASP4C58AC656026
652,Female,Chelsae Raitie,craitiei3@oaic.gov.au,Legal,1D7CE3BK1AS825099
653,Male,Irvin Pledger,ipledgeri4@independent.co.uk,Support,YV1902FH8D2675485
654,Male,Tyrone Cettell,tcettelli5@house.gov,Legal,WAUJC58E53A949922
655,Female,Krystle Lambourne,klambournei6@google.com.br,Sales,1G4HH5E98AU168362
656,Female,Nichol Keenor,nkeenori7@samsung.com,Business Development,WUAUUAFG1CN106208
657,Male,Gordy Salzburger,gsalzburgeri8@rakuten.co.jp,Marketing,5TDDK3DC2ES757780
658,Male,Mycah Furtado,mfurtadoi9@nbcnews.com,Research and Development,1FMCU4K3XAK842052
659,Female,Salaidh Paaso,spaasoia@bizjournals.com,Legal,WA1EV74LX7D239900
660,Male,Kim Kydde,kkyddeib@sourceforge.net,Human Resources,1D7RV1GP6BS482293
661,Female,Janeta Brockbank,jbrockbankic@liveinternet.ru,Accounting,1GD21ZCG1CZ095232
662,Female,Kathi Woollaston,kwoollastonid@seesaa.net,Engineering,JN1AZ4EHXBM646502
663,Female,Venita Brissard,vbrissardie@marketwatch.com,Business Development,1FTSF3B57AE252217
664,Male,Erwin Hartburn,ehartburnif@boston.com,Services,1C3CDFBB7FD653871
665,Male,Carey Gilkison,cgilkisonig@comsenz.com,Legal,JM1BL1L31C1545909
666,Female,Davine Catto,dcattoih@plala.or.jp,Support,JN8AF5MV7FT216624
667,Male,Nolly Ocklin,nocklinii@dailymail.co.uk,Product Management,WBAEV334X4K077229
668,Female,Sheilah Woodyatt,swoodyattij@themeforest.net,Legal,1D7RW3GK6BS953100
669,Male,Frederic Disbury,fdisburyik@google.cn,Training,KM8JT3AB3DU023800
670,Female,Audy Klug,aklugil@oakley.com,Product Management,JH4NA12644T152781
671,Female,Sharyl Amott,samottim@spotify.com,Marketing,WA1LKAFP5AA901209
672,Male,Gothart Dunford,gdunfordin@army.mil,Engineering,3VWJX7AJ3AM793452
673,Male,Josias Coffee,jcoffeeio@nydailynews.com,Support,1FAHP2DW5AG214621
674,Male,Ewell Carding,ecardingip@cpanel.net,Engineering,WBAYB6C55FD797254
675,Female,Arlen Skillman,askillmaniq@buzzfeed.com,Accounting,WBA3R5C5XFK764830
676,Female,Maia Covolini,mcovoliniir@bing.com,Engineering,1C4RDHEG0DC462028
677,Male,Maximilian Wardhaugh,mwardhaughis@furl.net,Business Development,SCFEBBCF8BG402632
678,Male,Hubie Loudian,hloudianit@blinklist.com,Business Development,KMHCT4AE0DU720396
679,Male,Gaven Pietruszewicz,gpietruszewicziu@dropbox.com,Support,5LMJJ2JTXFE530678
680,Female,Dorolisa Normanville,dnormanvilleiv@economist.com,Services,WAUEF98E76A182739
681,Female,Roxie Marval,rmarvaliw@unc.edu,Research and Development,1FTWF3B53AE366877
682,Male,Gasper Hurtado,ghurtadoix@timesonline.co.uk,Support,WBA3V5C56F5522594
683,Female,Connie Hargroves,chargrovesiy@forbes.com,Marketing,WVGAV7AX3BW528492
684,Male,Kelbee Simonini,ksimoniniiz@tripod.com,Services,1B3CB1HA2BD954515
685,Male,Jeffry McKeighan,jmckeighanj0@craigslist.org,Human Resources,1G6DU57V390884584
686,Female,Engracia Gianulli,egianullij1@cargocollective.com,Marketing,1C3CDFEB7FD446666
687,Male,Ingamar Rawet,irawetj2@canalblog.com,Accounting,1FTEW1E84AK150253
688,Female,Zena Gason,zgasonj3@arizona.edu,Business Development,WBA3R1C5XEK059968
689,Female,Callie Powelee,cpoweleej4@is.gd,Business Development,WA1VMAFE1ED772245
690,Female,Adria O'Boyle,aoboylej5@zdnet.com,Sales,WAULD54B43N626102
691,Male,Ruggiero Ivashchenko,rivashchenkoj6@imdb.com,Training,4A31K2DF7CE889425
692,Male,Tracie Jenteau,tjenteauj7@google.com,Sales,WBA3A5C52EP058508
693,Female,Karee Cauldfield,kcauldfieldj8@home.pl,Accounting,TRUTX28N721233333
694,Male,Niccolo Swin,nswinj9@gravatar.com,Marketing,WBAKE3C50CE514521
695,Female,Cloris Churchouse,cchurchouseja@smh.com.au,Marketing,JTHKD5BH6E2172217
696,Female,Shaylynn Anwyl,sanwyljb@ifeng.com,Legal,WBAYA6C52DD852811
697,Male,Westbrooke Casoni,wcasonijc@phoca.cz,Engineering,WP0AA2A96AS180598
698,Male,Dan Shade,dshadejd@squidoo.com,Human Resources,2T1BURHE7EC838640
699,Female,Alina Langsbury,alangsburyje@nba.com,Training,WBAUP9C52CV338853
700,Female,Adrianna Petrosian,apetrosianjf@booking.com,Human Resources,SCBGT3ZA1DC022843
701,Male,Cletus Woodburne,cwoodburnejg@cdc.gov,Product Management,5TDDK3DC6FS221318
702,Female,Helge Odde,hoddejh@si.edu,Services,WVGDP9BP6ED222176
703,Male,Scarface Calver,scalverji@patch.com,Product Management,KL4CJFSB7FB955946
704,Female,Gerianne Dumsday,gdumsdayjj@gizmodo.com,Product Management,WAUUL78EX6A852082
705,Female,Druci Zarfati,dzarfatijk@reddit.com,Legal,WAU4GBFB1BN962988
706,Female,Glyn Brennen,gbrennenjl@ow.ly,Services,WAUJFAFH8CN324968
707,Female,Kania Hilliam,khilliamjm@tiny.cc,Support,WBAAX13405P066726
708,Female,Correy Fieller,cfiellerjn@angelfire.com,Sales,WAUGL58E05A553555
709,Female,Karmen Gallelli,kgallellijo@sciencedaily.com,Product Management,2C3CDXGJ6DH005475
710,Female,Veronika Blei,vbleijp@nbcnews.com,Business Development,WAUVT68E35A659821
711,Female,Donia Froud,dfroudjq@vk.com,Product Management,2C4RRGAG4DR672074
712,Male,Graham Element,gelementjr@shutterfly.com,Product Management,5BZAF0AA2FN624677
713,Male,Pepito Revington,previngtonjs@instagram.com,Training,WBA5B1C51ED960406
714,Male,Brig Goard,bgoardjt@ebay.com,Research and Development,WAUAH74F27N725081
715,Male,Justinian Dominichelli,jdominichelliju@apple.com,Business Development,1FADP5AU6FL897558
716,Female,Merrily Selliman,msellimanjv@mapy.cz,Legal,1GYS3AEF6BR169290
717,Female,Cherry Goldis,cgoldisjw@webeden.co.uk,Services,JTDZN3EU5E3421451
718,Female,Minta Sorrill,msorrilljx@sciencedirect.com,Sales,WAUHF68P46A747798
719,Female,Ivie Janata,ijanatajy@shutterfly.com,Engineering,1C3BC7EGXBN456340
720,Female,Julia Frickey,jfrickeyjz@barnesandnoble.com,Support,3GYEK62827G490334
721,Male,Terence Feldklein,tfeldkleink0@si.edu,Research and Development,4T1BF3EK0BU854173
722,Female,Koren Hoofe,khoofek1@digg.com,Research and Development,WP1AE2A28CL650162
723,Female,Sherye Tesoe,stesoek2@joomla.org,Marketing,YV140MEA4F1918695
724,Male,Roarke Deaton,rdeatonk3@addthis.com,Product Management,JN1CV6EK4AM365225
725,Female,Olivie Parkes,oparkesk4@diigo.com,Services,1D4PU2GK0AW313279
726,Female,Cherice Bickardike,cbickardikek5@ycombinator.com,Sales,SCFKDCEP0EG962559
727,Female,Alexis O'Deoran,aodeorank6@japanpost.jp,Training,2C3CCADG7DH899513
728,Female,Cherilyn Edinboro,cedinborok7@sogou.com,Engineering,1N4AL3AP7DC140906
729,Male,Harman Sollas,hsollask8@yellowpages.com,Research and Development,4T1BF1FK5EU742668
730,Female,Nathalie Capey,ncapeyk9@home.pl,Services,WDDGF4HB9ER621031
731,Male,Iosep Wybrow,iwybrowka@nbcnews.com,Human Resources,JTDKN3DU3A0997537
732,Female,Netty Cockitt,ncockittkb@uol.com.br,Support,1GD022CG1CZ637716
733,Female,Beckie Dyble,bdyblekc@macromedia.com,Support,SCBZK25E23C879329
734,Female,Beryl Harpin,bharpinkd@intel.com,Accounting,2T3BF4DV1BW043829
735,Female,Jamima Bensley,jbensleyke@ucoz.com,Sales,SAJWA0FA2AH271623
736,Male,Chauncey Suarez,csuarezkf@ehow.com,Training,WBANF33586B122953
737,Male,Lars Willeman,lwillemankg@360.cn,Training,WBA8Z5C51FD520963
738,Male,Esra Harg,ehargkh@prnewswire.com,Product Management,VNKJTUD37FA835157
739,Female,Olwen Purdon,opurdonki@spiegel.de,Services,WBAKG1C5XCE557035
740,Male,Nichole Crose,ncrosekj@army.mil,Research and Development,4JGDA2EB3EA006909
741,Female,Herminia Kelsow,hkelsowkk@cornell.edu,Marketing,SCFAB01A46G220801
742,Male,Errick Ormerod,eormerodkl@google.cn,Legal,1GYS4UKJXFR893237
743,Female,Letty Twinbourne,ltwinbournekm@google.es,Engineering,WBAVM1C59EV888357
744,Female,Lela Scanterbury,lscanterburykn@dailymail.co.uk,Engineering,2C3CCACG3CH246595
745,Male,Burgess Loyns,bloynsko@163.com,Legal,WBAUN1C53AV313951
746,Male,Rufus Hengoed,rhengoedkp@slashdot.org,Support,SCFAD02A35G308892
747,Female,Mignonne Iacovozzo,miacovozzokq@eventbrite.com,Product Management,JH4CU4F48BC896437
748,Male,Moishe Blencowe,mblencowekr@ca.gov,Human Resources,WBA3B3G52FN559021
749,Male,Gardener Flewitt,gflewittks@4shared.com,Training,JN1CV6EK0EM289377
750,Female,Hedvige Grahamslaw,hgrahamslawkt@google.com,Support,3N1CN7AP4FL498995
751,Male,Griffith Eastman,geastmanku@state.tx.us,Accounting,WBAEV53403K139425
752,Male,Alic Deare,adearekv@chronoengine.com,Legal,WP0AB2A81CU571721
753,Male,Nicolai Andreini,nandreinikw@pbs.org,Training,1G4GC5GG1AF866872
754,Female,Milena Dorr,mdorrkx@house.gov,Research and Development,WAUDFAFLXEN201094
755,Female,Odelia Widdup,owiddupky@cbc.ca,Support,1FAHP3HNXAW358503
756,Male,Osbourn Dewerson,odewersonkz@printfriendly.com,Services,5N1CR2MN5EC110743
757,Female,Shani Jellicorse,sjellicorsel0@yandex.ru,Research and Development,4T1BF1FK8CU087564
758,Female,Kizzie Mahady,kmahadyl1@forbes.com,Marketing,WBA6A0C56FD392981
759,Female,Emelda Vedekhin,evedekhinl2@fc2.com,Services,JM3TB2BA0B0980915
760,Female,Isidora Agget,iaggetl3@go.com,Sales,JH4DC44681S940193
761,Female,Andeee Jiroutka,ajiroutkal4@springer.com,Legal,19XFA1E33AE350411
762,Female,Guenevere Langthorn,glangthornl5@admin.ch,Human Resources,3MZBM1L73EM480970
763,Female,Leora Saddleton,lsaddletonl6@biglobe.ne.jp,Accounting,WAUDT48H94K471209
764,Male,Paolo Hellewell,phellewelll7@stumbleupon.com,Sales,WUAUUAFG9EN688917
765,Male,Armand Bennit,abennitl8@statcounter.com,Legal,1G6DC1E39C0917219
766,Female,Jonis Foggo,jfoggol9@weebly.com,Business Development,JN1AZ4EH3CM190506
767,Male,Hyatt Bagenal,hbagenalla@flickr.com,Support,WAUDFAFL1AN930093
768,Female,Bunny Filson,bfilsonlb@amazon.com,Sales,JN1AV7AP0FM585046
769,Male,Tann Pheasant,tpheasantlc@wikispaces.com,Legal,3GYFNFEY8BS266773
770,Male,Gasper Chooter,gchooterld@weather.com,Support,1FTEW1CW6AK721727
771,Male,Olvan Lymer,olymerle@walmart.com,Support,1HGCR2E55FA479359
772,Male,Fitzgerald Crewther,fcrewtherlf@cdbaby.com,Services,YV126MFC0F2999243
773,Female,Trixi Fourman,tfourmanlg@simplemachines.org,Marketing,1ZVBP8AN7A5110834
774,Male,Reinhard Blaney,rblaneylh@chronoengine.com,Product Management,5YMGZ0C53BL790575
775,Male,Odie Ovett,oovettli@nsw.gov.au,Training,WBAEV33403P358408
776,Female,Marjie Attoc,mattoclj@wikipedia.org,Research and Development,WAUAF78E47A073112
777,Male,Kilian Leindecker,kleindeckerlk@businessweek.com,Human Resources,5FRYD4H47GB743061
778,Male,Lawrence Trimnell,ltrimnellll@yahoo.com,Training,1FTEW1CF5FK268658
779,Female,Rea Dennerly,rdennerlylm@independent.co.uk,Accounting,137FA90321E375384
780,Male,Wolfie Pavek,wpavekln@imdb.com,Accounting,WAUKF78E38A859599
781,Male,Mic Calveley,mcalveleylo@deliciousdays.com,Human Resources,WAUJT58E62A730689
782,Female,Yovonnda Roscamps,yroscampslp@histats.com,Services,5GAKVBKD8FJ734833
783,Female,Georgia Orro,gorrolq@army.mil,Services,1N6AD0CW2FN332099
784,Female,Maridel Edyson,medysonlr@gnu.org,Business Development,5UXWY3C58F0496801
785,Female,Ailina Houtbie,ahoutbiels@deliciousdays.com,Services,1LNHL9DK3FG870766
786,Female,Claresta Trevino,ctrevinolt@indiegogo.com,Engineering,WBAWC3C58AP901584
787,Male,Mile Measham,mmeashamlu@oracle.com,Human Resources,WBALM7C59AE023232
788,Male,Harwilll Blenkin,hblenkinlv@github.io,Accounting,1FMJU1H50AE508206
789,Male,Barron Hobbema,bhobbemalw@hubpages.com,Accounting,5FRYD4H64EB560098
790,Female,Alia Manicom,amanicomlx@webs.com,Research and Development,WBANA53544B305631
791,Female,Carin Alecock,calecockly@about.me,Support,5BZAF0AA7EN517218
792,Female,Angelique Rosindill,arosindilllz@gmpg.org,Product Management,JTDKN3DU1F0931799
793,Female,Hertha Itzkovich,hitzkovichm0@va.gov,Services,WBA3K5C51FK018769
794,Male,Kylie Venable,kvenablem1@theguardian.com,Legal,5FPYK1F65EB311745
795,Male,Al Braley,abraleym2@jalbum.net,Product Management,3D7TP2CT6AG528493
796,Male,Farley Fry,ffrym3@godaddy.com,Services,5N1AA0NC3DN377284
797,Male,Giulio Cruddas,gcruddasm4@weebly.com,Human Resources,JTHKD5BH5C2139898
798,Female,Letta Kingsford,lkingsfordm5@purevolume.com,Research and Development,JH4DC53823C142617
799,Female,Jennine Wilkowski,jwilkowskim6@cnet.com,Training,KMHDB8AE9AU080876
800,Female,Gerrie Brignell,gbrignellm7@over-blog.com,Product Management,1FMHK7B80CG846576
801,Female,Selestina Davydoch,sdavydochm8@twitpic.com,Marketing,JN1AZ4EHXFM668845
802,Female,Delila Luquet,dluquetm9@comsenz.com,Training,WVWED7AJ0BW237694
803,Male,Riley Aaronson,raaronsonma@g.co,Training,WDCYC3HF8FX025159
804,Female,Trudi Gartshore,tgartshoremb@devhub.com,Support,1G4GC5G32FF997863
805,Female,Clementia Josling,cjoslingmc@simplemachines.org,Legal,WP1AA2AP7AL812836
806,Male,Burnaby Simononsky,bsimononskymd@independent.co.uk,Sales,YV126MFC5F1788450
807,Female,Shawn Pleace,spleaceme@examiner.com,Legal,WBALL5C54EP652544
808,Female,Jasmina Absolem,jabsolemmf@usa.gov,Engineering,5UXWZ7C53F0968942
809,Female,Josselyn Jerrom,jjerrommg@google.de,Services,JM3ER2W32A0809906
810,Male,Yvon Weatherburn,yweatherburnmh@yandex.ru,Product Management,5UXWX7C57F0465274
811,Male,Garv St. Ledger,gstmi@hibu.com,Research and Development,WBADN634X3G998459
812,Female,Audry Queree,aquereemj@alibaba.com,Sales,WBA3C3C59EP000023
813,Female,Marcille Ruckhard,mruckhardmk@reddit.com,Legal,1FTWW3DYXAE979036
814,Male,Erroll McTavy,emctavyml@github.io,Services,JA32U1FU6AU268136
815,Male,Brad Harmond,bharmondmm@salon.com,Services,WVGEF9BP8DD267075
816,Female,Tiffanie MacKaig,tmackaigmn@squidoo.com,Business Development,JN1CV6EK1AM258651
817,Female,Caty Scottesmoor,cscottesmoormo@boston.com,Research and Development,WBAPM73519E388842
818,Female,Hertha Brunsen,hbrunsenmp@opera.com,Accounting,1HGCR2F3XFA742555
819,Male,Pattie Batalle,pbatallemq@geocities.com,Legal,WAUGL98EX7A621757
820,Male,Mitchell Risbridge,mrisbridgemr@multiply.com,Accounting,1G6DG577690821634
821,Female,Tamara Parlot,tparlotms@geocities.jp,Services,JA4AS3AW0DU973567
822,Male,Hammad Lumsdale,hlumsdalemt@toplist.cz,Accounting,1G4GD5G34EF594463
823,Female,Britta Handslip,bhandslipmu@altervista.org,Support,WDCGG0EBXDG071962
824,Female,Catherine Groven,cgrovenmv@mac.com,Services,2HNYD18623H484057
825,Male,Benedetto Ferraron,bferraronmw@mashable.com,Business Development,WA1WYAFEXAD009580
826,Male,Homere Pury,hpurymx@so-net.ne.jp,Training,WBA3X9C51FD773143
827,Female,Virginie Dilger,vdilgermy@mediafire.com,Marketing,1G4HP54K81U324116
828,Male,Pen Houchin,phouchinmz@icio.us,Training,3VW4A7AT4DM335262
829,Female,Sheelagh Baglow,sbaglown0@php.net,Product Management,WBSBR93496P319049
830,Male,Orson Gerok,ogerokn1@ehow.com,Business Development,WBA3C3G57FN400055
831,Female,Kelcey Lyfe,klyfen2@engadget.com,Legal,5N3ZA0NC9AN305365
832,Male,Brockie Daspar,bdasparn3@loc.gov,Product Management,JN1BY1APXDM097471
833,Male,Roger Hawthorne,rhawthornen4@unicef.org,Support,JH4KC1F31EC982357
834,Male,Noll Stockin,nstockinn5@ask.com,Engineering,WBSDX9C58CE727475
835,Male,Thorstein Dilrew,tdilrewn6@mtv.com,Marketing,WBANW13589C502779
836,Female,Wylma Tuplin,wtuplinn7@canalblog.com,Services,WBAVB735X7K842985
837,Female,Pippa Whelpdale,pwhelpdalen8@google.nl,Legal,WA1VMAFE1DD078430
838,Female,Francoise Twidell,ftwidelln9@foxnews.com,Engineering,WAUSH78E27A296036
839,Male,Arvy McPhee,amcpheena@slate.com,Engineering,2C3CA9CT6AH259209
840,Female,Birgit Senescall,bsenescallnb@people.com.cn,Accounting,2G4WF551311222296
841,Male,Ramsay Anthony,ranthonync@webs.com,Services,WVWAB7AJ4DW525841
842,Male,Ali Neeson,aneesonnd@google.co.uk,Research and Development,WBAFV3C52FD309388
843,Male,Barri Edmonstone,bedmonstonene@deviantart.com,Legal,JTHBL1EF3D5324229
844,Female,Lyndell Musicka,lmusickanf@woothemes.com,Training,1C4RDJAG7EC004131
845,Male,Kirby Warrington,kwarringtonng@live.com,Engineering,SCBZK25EX1C740692
846,Male,Balduin Kunisch,bkunischnh@cargocollective.com,Accounting,2C3CDXGJ4FH211557
847,Female,Monah Skeech,mskeechni@altervista.org,Engineering,WAUKF78E98A031590
848,Female,Rosalie Binion,rbinionnj@bbc.co.uk,Human Resources,4USBT53515L004367
849,Male,Francklyn Rouzet,frouzetnk@dropbox.com,Business Development,WA1VMBFP3EA878639
850,Male,Torrin Truswell,ttruswellnl@istockphoto.com,Accounting,1G6AZ5S32F0154445
851,Female,Winifred Scutcheon,wscutcheonnm@un.org,Marketing,3C4PDCBB4FT287163
852,Female,Cherey Hudspith,chudspithnn@ft.com,Accounting,WAUSF78E58A417410
853,Female,Gayle Garraway,ggarrawayno@wikispaces.com,Support,WAUNF78P47A396661
854,Male,Wright Pavy,wpavynp@apple.com,Accounting,3D4PH7FGXBT092750
855,Female,Asia Guys,aguysnq@unesco.org,Business Development,3GYFNBE32FS282194
856,Male,Sebastien Baumford,sbaumfordnr@baidu.com,Legal,1C3CDFEB7ED774619
857,Male,Kerby Leech,kleechns@free.fr,Human Resources,WA1DVAFE9AD797168
858,Male,Mortimer Dudley,mdudleynt@ezinearticles.com,Engineering,JA32X2HU4BU420071
859,Male,Cammy Frigot,cfrigotnu@w3.org,Support,JTEBU5JRXC5577256
860,Female,Marilee Bodesson,mbodessonnv@ocn.ne.jp,Business Development,2B3CJ5DT6AH064778
861,Male,Raleigh Roblou,rroblounw@myspace.com,Product Management,1G6DL1E34D0097200
862,Female,Janela McGettrick,jmcgettricknx@businessinsider.com,Engineering,3C3CFFCR3ET405972
863,Male,Corbet Creedland,ccreedlandny@globo.com,Accounting,1FM5K7B86FG675050
864,Female,Anni Bigadike,abigadikenz@booking.com,Training,2T1KU4EE0DC248124
865,Female,Donna Addess,daddesso0@va.gov,Legal,1GYS3RKJ4FR143218
866,Female,Gleda Madre,gmadreo1@rakuten.co.jp,Research and Development,2G61T5S39F9703372
867,Female,Hannis Maplestone,hmaplestoneo2@wix.com,Sales,WAUEH78E58A471393
868,Female,Fredelia Limpricht,flimprichto3@blogtalkradio.com,Marketing,WP0AB2A90FS031558
869,Male,Rollin Vedeshkin,rvedeshkino4@sakura.ne.jp,Business Development,5N1AN0NW4FN773113
870,Male,Jereme Munns,jmunnso5@si.edu,Human Resources,WAUAF98E65A470961
871,Female,Minnaminnie Spanswick,mspanswicko6@tumblr.com,Training,5LMJJ3H58CE036537
872,Male,Seamus McKellar,smckellaro7@rakuten.co.jp,Research and Development,SALAC2D43BA723206
873,Male,Cyrus Scammell,cscammello8@pbs.org,Accounting,KMHHT6KD9EU352888
874,Female,Katine Warnes,kwarneso9@indiegogo.com,Product Management,1G4PT5SV9D4002917
875,Female,Tabbatha Sennett,tsennettoa@buzzfeed.com,Legal,1G4PR5SK6C4033898
876,Female,Fina Merrisson,fmerrissonob@icio.us,Training,1D7CW3BK6AS302903
877,Female,Kira Thome,kthomeoc@xing.com,Research and Development,WBAYF8C52FD392212
878,Male,Waldemar Trees,wtreesod@ustream.tv,Legal,5LMJJ3H54AE990022
879,Female,Beilul Toretta,btorettaoe@npr.org,Sales,JTHBL5EF3E5528246
880,Female,Saloma Punt,spuntof@shareasale.com,Services,WAUKF98EX7A245563
881,Female,Nissa Rosenthal,nrosenthalog@wikispaces.com,Marketing,WBAVA33558K908470
882,Male,Renato Shimony,rshimonyoh@discuz.net,Sales,WBADX1C56CJ710011
883,Female,Ynes Thomassen,ythomassenoi@bbc.co.uk,Marketing,WP0AA2A92DS863127
884,Female,Fifi Baudins,fbaudinsoj@businessinsider.com,Training,ZHWGU5AU4CL030971
885,Female,Cicily Lecount,clecountok@sun.com,Sales,5BZAF0AA5EN691143
886,Female,Donia Caccavari,dcaccavariol@mail.ru,Sales,19UYA42531A130898
887,Female,Tiphanie Biffen,tbiffenom@weebly.com,Accounting,WAUBF78E78A193900
888,Female,Bonnee Siddele,bsiddeleon@tiny.cc,Accounting,1GYFK66847R861783
889,Male,Marcos Bossom,mbossomoo@dedecms.com,Legal,WBA3R1C59FF609851
890,Male,Feodor Margeram,fmargeramop@alexa.com,Human Resources,1N6BF0KL8FN753086
891,Male,Harman Rahill,hrahilloq@prlog.org,Human Resources,5TDBW5G14ES092091
892,Male,Derwin Canet,dcanetor@examiner.com,Marketing,5FNYF3H27FB553666
893,Male,Morly Govan,mgovanos@ycombinator.com,Research and Development,1FTEW1E86AK384152
894,Female,Cathlene Tring,ctringot@bbb.org,Services,WBA3F9C51DF744858
895,Male,Dene Heinemann,dheinemannou@clickbank.net,Sales,WAUHFAFL9DN428115
896,Female,Hedy Prosek,hprosekov@dropbox.com,Product Management,5FRYD4H22FB957288
897,Male,Olag Karmel,okarmelow@fc2.com,Marketing,WAUEH48H27K890948
898,Female,Sheilah Mingauld,smingauldox@bloglovin.com,Accounting,WAUMFAFH2FN194297
899,Male,Vidovik Trotton,vtrottonoy@squarespace.com,Research and Development,WUAGNAFG0CN034802
900,Female,Emmy Tuite,etuiteoz@cmu.edu,Legal,3VWC17AU2FM406174
901,Male,Weston De Nisco,wdep0@intel.com,Human Resources,JTHFE2C20B2629963
902,Male,Cary Kevlin,ckevlinp1@jimdo.com,Human Resources,JHMFA3F21AS068040
903,Male,Chilton Cardall,ccardallp2@msu.edu,Marketing,1G6AX5SX3E0823751
904,Female,Sileas Bulbrook,sbulbrookp3@github.io,Business Development,1B3CB5HA4BD431911
905,Female,Nari Sonnenschein,nsonnenscheinp4@japanpost.jp,Training,1LNHL9EK7FG960663
906,Male,Conney Grundle,cgrundlep5@soup.io,Business Development,WAUEFAFL4CA232284
907,Female,Jeralee Castillon,jcastillonp6@usda.gov,Accounting,WAUBVAFB9BN476114
908,Male,Pattie Lathwood,plathwoodp7@trellian.com,Sales,2T1KU4EE1BC781189
909,Male,Fabio Dabels,fdabelsp8@arizona.edu,Engineering,1G6DL1E31C0378854
910,Female,Hyacinthie Braam,hbraamp9@cafepress.com,Sales,WAUDG78E35A687267
911,Female,Darda Gartan,dgartanpa@upenn.edu,Training,5GAKRDEDXCJ196322
912,Male,Ulises Lagadu,ulagadupb@hud.gov,Support,WVGAV7AX2FW240338
913,Male,Cam Mellish,cmellishpc@printfriendly.com,Accounting,WBAWL1C51AP130938
914,Male,Neil Croan,ncroanpd@china.com.cn,Product Management,WAUDF78E08A879138
915,Male,Shermy Swatten,sswattenpe@google.com.br,Accounting,2T1BU4EE4BC050305
916,Female,Aundrea Moff,amoffpf@cam.ac.uk,Engineering,5J6TF2H53DL995069
917,Male,Miller Wyleman,mwylemanpg@infoseek.co.jp,Business Development,WBAWV135X9P433674
918,Female,Sephira Twist,stwistph@macromedia.com,Sales,1FMJK1H5XCE650359
919,Male,Lew Hyam,lhyampi@businessweek.com,Support,WVGAV7AX3CW091952
920,Female,Lauralee Dohmann,ldohmannpj@hostgator.com,Human Resources,1FMJK1H54DE085608
921,Male,Rutter Pick,rpickpk@bbc.co.uk,Research and Development,3D7JB1EK7AG035913
922,Female,Kassandra Nissle,knisslepl@weather.com,Business Development,ZHWGU5BR5EL983721
923,Male,Alexis Jerred,ajerredpm@archive.org,Engineering,5UXWX7C53DL866770
924,Female,Blinni Fortman,bfortmanpn@si.edu,Sales,WVGEF9BP1DD308789
925,Male,Sutherlan Kynoch,skynochpo@usatoday.com,Sales,1G6DL1E35C0478214
926,Male,Robbie Farfolomeev,rfarfolomeevpp@youtube.com,Services,WAUWFAFR4CA715914
927,Male,Alec Buy,abuypq@mtv.com,Accounting,1FTWX3B58AE932237
928,Female,Janot Guirard,jguirardpr@mail.ru,Legal,2C3CDXGJ6DH598674
929,Male,Arne Caulliere,acaulliereps@scientificamerican.com,Product Management,WAUVT68E95A615659
930,Female,Nadean Quantick,nquantickpt@spiegel.de,Accounting,WBAUP7C58CV706151
931,Female,Veradis Rubartelli,vrubartellipu@bbc.co.uk,Legal,JTHDU1EF5A5317624
932,Male,Shep Handling,shandlingpv@netscape.com,Accounting,WBABN53473J085100
933,Female,Ellette Buttress,ebuttresspw@devhub.com,Accounting,1GYS3AKJ1FR716416
934,Male,Kellby Chamberlayne,kchamberlaynepx@washington.edu,Legal,WAUVC58E65A960318
935,Male,Silas Saurin,ssaurinpy@google.es,Support,1G4HR54K11U936264
936,Male,Dennet Tireman,dtiremanpz@sfgate.com,Services,1FMJK1JT3FE909108
937,Male,Brennan Leads,bleadsq0@springer.com,Accounting,4USDU53427L179047
938,Male,Morgen Bettleson,mbettlesonq1@tuttocitta.it,Engineering,1N6AF0LX2EN112639
939,Male,Xymenes Enderle,xenderleq2@nsw.gov.au,Training,3GYFNGE38FS103024
940,Female,Corette Cowl,ccowlq3@delicious.com,Product Management,3N1AB7AP3FY085386
941,Female,Freddi Keirl,fkeirlq4@globo.com,Product Management,1G6DH577690425961
942,Male,Remington Stonhouse,rstonhouseq5@mail.ru,Engineering,1GYS3CEF4CR836547
943,Male,Xever Elphinstone,xelphinstoneq6@about.me,Legal,JH4KB2F56AC877009
944,Male,Mick Lissandri,mlissandriq7@reddit.com,Human Resources,SAJWA1EK8EM428665
945,Female,Abbe Lough,aloughq8@webnode.com,Human Resources,WAUBNBFB2AN997289
946,Female,Glynnis Ridd,griddq9@google.com.hk,Sales,WA1CV74L37D996516
947,Female,Rona Doumerque,rdoumerqueqa@github.io,Business Development,WAUVC68E75A097437
948,Male,Tate Matuszkiewicz,tmatuszkiewiczqb@intel.com,Accounting,5N1AN0NW5FN168937
949,Female,Eolanda Terbrugge,eterbruggeqc@digg.com,Legal,JTHKD5BH0C2944045
950,Female,Doralia Pifford,dpiffordqd@ezinearticles.com,Engineering,3N1AB6AP6BL615805
951,Male,Sandy Blaxley,sblaxleyqe@facebook.com,Sales,1G6DS1E30C0245022
952,Male,Archie Ineson,ainesonqf@cnn.com,Research and Development,WBA3A9C58FK802182
953,Male,Brandon Fairbairn,bfairbairnqg@tinypic.com,Legal,1GYS4PKJ2FR872397
954,Female,Arlen Freda,afredaqh@flickr.com,Accounting,4JGDA2EB8EA327067
955,Male,Pail Forbear,pforbearqi@slate.com,Business Development,1GKS1EEF8CR924254
956,Female,Maurita Ziemke,mziemkeqj@squarespace.com,Research and Development,1G4HP57286U746180
957,Female,Maggee Noden,mnodenqk@vinaora.com,Research and Development,5FRYD3H20EB126896
958,Female,Minerva Loudon,mloudonql@yelp.com,Human Resources,JN8AZ1MUXDW607818
959,Male,Baldwin MacSkeagan,bmacskeaganqm@networksolutions.com,Research and Development,JM1CW2BL1C0330023
960,Female,Dina Hofner,dhofnerqn@unesco.org,Sales,JN8AZ2KR0ET124832
961,Female,Enrichetta Hackwell,ehackwellqo@usgs.gov,Support,WBALZ3C5XCC985466
962,Female,Melesa Yexley,myexleyqp@rakuten.co.jp,Business Development,WAUGGBFC8DN685166
963,Female,Mair Lucchi,mlucchiqq@opera.com,Product Management,1N6AA0CA2BN143105
964,Female,Wilhelmine Tingley,wtingleyqr@reddit.com,Business Development,5J8TB18298A557094
965,Female,Drucill Simpkin,dsimpkinqs@umn.edu,Research and Development,1FM5K7B87DG932813
966,Female,Petunia Leftwich,pleftwichqt@alibaba.com,Support,3VW1K7AJ2FM419341
967,Female,Amalia Barcroft,abarcroftqu@netvibes.com,Training,1G6D25ED4B0678695
968,Female,Suzann Teers,steersqv@booking.com,Engineering,3GYT4MEF4CG581759
969,Male,Garv Natwick,gnatwickqw@cargocollective.com,Services,1FTWX3B54AE239889
970,Male,Joseito D'eathe,jdeatheqx@lulu.com,Human Resources,WBAUL7C53DV431432
971,Male,Haze Hexham,hhexhamqy@cargocollective.com,Engineering,JH4CL95808C184615
972,Female,Myrta Gorke,mgorkeqz@ask.com,Human Resources,1G6KE57Y93U100438
973,Male,Findley Gurge,fgurger0@yellowpages.com,Services,1GKS2GEJ9BR142024
974,Female,Fredia Crispe,fcrisper1@ucla.edu,Legal,3D4PG5FV1AT830651
975,Male,Simeon Idell,sidellr2@earthlink.net,Accounting,SAJWA6E7XE8562708
976,Female,Marina Keddey,mkeddeyr3@uiuc.edu,Sales,2T1BU4EEXCC459474
977,Male,Rusty Nollet,rnolletr4@de.vu,Product Management,JM1GJ1T64E1337547
978,Male,Jakie Dixcee,jdixceer5@state.tx.us,Sales,1LNHL9FT4FG101375
979,Female,Marje Wilacot,mwilacotr6@is.gd,Research and Development,3VW4A7AT7DM781051
980,Male,Nye Glanfield,nglanfieldr7@multiply.com,Accounting,JN1CV6EK7AM837269
981,Female,Bobby Woolvett,bwoolvettr8@oaic.gov.au,Business Development,JTHBE1BL8D5889726
982,Male,Kenny Kirke,kkirker9@pbs.org,Human Resources,1G6AA5RA2F0721023
983,Female,Alicea Roloff,aroloffra@ebay.co.uk,Sales,4T1BK3DB2AU834308
984,Male,Pace Stanners,pstannersrb@bravesites.com,Marketing,1C3BCBGG8EN354927
985,Female,Kenna Mangenet,kmangenetrc@cbc.ca,Product Management,3C4PDCBB4FT387537
986,Female,Crissie Fourman,cfourmanrd@t.co,Human Resources,WA1YD64B45N742931
987,Female,Arlena People,apeoplere@paginegialle.it,Product Management,1N6AF0KY0EN961632
988,Female,Maia Garmans,mgarmansrf@msn.com,Accounting,WBADN534X1G364186
989,Female,Anetta Stollberger,astollbergerrg@pen.io,Legal,5GADV33W97D102809
990,Female,Goldi Papis,gpapisrh@wsj.com,Business Development,5TFCY5F16DX930016
991,Female,Paulita Ouldcott,pouldcottri@si.edu,Product Management,JM1CW2BL9C0100911
992,Male,Webb Coke,wcokerj@ocn.ne.jp,Training,WBAYF4C56FG994358
993,Male,Elmer Shakesby,eshakesbyrk@w3.org,Human Resources,WAUPFBFM2BA495394
994,Male,Clarence Redfield,credfieldrl@twitter.com,Research and Development,1N6AF0KY0EN043315
995,Male,Robin Dungate,rdungaterm@cmu.edu,Accounting,4T1BF3EK5AU878595
996,Female,Umeko Joye,ujoyern@pagesperso-orange.fr,Research and Development,WAUSH98E06A634558
997,Female,Bethena Baxster,bbaxsterro@who.int,Product Management,WP0AA2A95ES432234
998,Female,Minta Jordison,mjordisonrp@google.com,Research and Development,WP1AA2A2XEL370015
999,Male,Inglis Pershouse,ipershouserq@pcworld.com,Human Resources,1HGCP2F33BA457485
1000,Female,Tabitha Bagg,tbaggrr@engadget.com,Engineering,1NXBU4EE2AZ287372